DenseNet_PC1,DenseNet_PC2,DenseNet_PC3,DenseNet_PC4,DenseNet_PC5,DenseNet_PC6,Cardiothoracic_Ratio,target
0.4456,0.3689,0.3908,-0.2069,-0.83,-1.0281,0.62,1
-0.34,0.2821,0.2839,0.0563,0.7649,0.4108,0.528,1
1.0178,0.4836,0.3698,0.0233,-0.375,-0.0015,0.57,1
1.6217,0.5202,-0.24,0.6402,0.6344,0.6391,0.578,1
0.8591,0.9475,-0.0331,0.7707,0.0152,0.3429,0.613,1
-0.4397,-0.5887,-0.5414,-0.428,0.2259,-0.1417,0.475,0
-0.9152,-1.055,-0.1998,0.0556,-0.1955,-0.0333,0.35,0
-0.4175,1.3439,-0.22,0.3371,0.0832,0.2265,0.411,0
0.393,0.7004,-0.3812,0.7582,0.2602,0.3868,0.579,1
1.1441,0.2867,0.082,0.3592,0.2658,0.1291,0.595,1
1.1241,0.4376,-0.1944,0.1455,0.3099,0.4422,0.592,1
0.3378,0.4259,0.3013,0.3333,-0.1473,-0.1187,0.564,1
-0.3101,-0.2386,-0.9734,0.3369,-0.1921,-0.3989,0.468,0
1.4107,0.3165,-0.068,-0.4639,-0.6377,-0.0259,0.656,1
1.561,0.3048,0.0789,0.0964,0.2093,0.0821,0.599,1
1.9461,1.4844,-0.1864,0.7296,0.433,-0.4806,0.561,1
0.4392,0.9699,-0.1034,-0.1037,0.6464,-0.5347,0.555,1
1.9297,0.1197,-0.9511,0.0647,0.1221,0.179,0.572,1
0.0171,0.4119,0.2139,-0.1213,-0.3066,-0.1625,0.471,0
0.563,0.5592,0.3886,-1.1569,-0.6788,-0.0663,0.571,1
-1.0619,-0.2462,0.2961,0.0103,0.4167,-0.1439,0.404,0
0.5672,0.5687,0.6232,0.1509,-0.7185,0.6082,0.556,1
0.9596,1.0948,0.1209,-0.2562,-0.1362,0.5047,0.635,1
-0.643,-0.2924,0.2872,-0.5773,-0.0897,-0.4949,0.427,0
0.7045,0.469,0.0937,-0.4403,-0.0278,-0.2131,0.603,1
-0.6567,-0.4873,0.4125,0.3821,0.0143,0.34,0.469,0
-0.4791,-0.5401,-0.9463,0.9863,0.0553,0.2408,0.438,0
-0.0498,-0.5964,-0.5361,0.6912,-0.9661,-0.0166,0.441,0
0.9901,0.657,0.9521,-0.6722,0.0059,-0.455,0.617,1
1.2683,0.4532,-1.4763,0.4273,-0.8918,-0.273,0.587,1
0.1379,0.5046,-0.0841,-0.3316,0.2929,-0.2067,0.601,1
-0.6524,-0.6135,0.7034,-0.2911,-0.2221,0.1108,0.37,0
0.6927,0.1244,-0.056,-0.231,-0.8628,0.6815,0.561,1
0.8667,0.0007,-0.243,0.353,-0.3257,-0.2748,0.559,1
-0.739,-0.2098,0.0777,0.4796,-0.228,-0.4104,0.412,0
-1.0626,-0.1867,-0.2119,-0.049,0.4763,-0.0434,0.43,0
-0.0875,0.349,0.0185,-0.0405,0.0787,0.4127,0.459,0
0.0258,0.5516,-0.41,0.2321,0.1378,-0.5788,0.602,1
0.5803,0.3644,0.6652,0.284,0.4725,0.5815,0.516,1
1.3322,-0.6779,0.854,0.5881,-0.0385,-0.0688,0.574,1
-1.0918,-0.6319,-0.08,-0.6422,0.3017,-0.2937,0.485,0
0.264,1.0432,-0.8319,0.01,0.2735,-0.6401,0.47,1
-0.7999,-0.517,-0.3143,-0.534,-0.5146,0.2826,0.407,0
-0.7364,-0.0232,-0.1104,-0.0255,0.5892,-0.0685,0.488,0
0.3499,0.0113,0.3033,-0.1131,-0.5681,0.0683,0.607,1
-0.3067,-0.0041,-0.6048,-0.0234,0.3669,-0.3603,0.351,0
0.3305,0.0174,-0.4615,-0.3999,-0.6068,-0.1276,0.511,1
-0.9962,0.6314,0.3064,-0.7436,0.2405,-0.1946,0.43,0
0.7716,-0.1369,0.5633,-1.0472,0.7448,-0.0402,0.622,1
-0.2964,0.2497,-0.373,-0.0656,-0.0852,-0.2678,0.423,0
0.6887,0.6931,-0.7999,-0.2155,-0.1025,-0.6137,0.453,1
0.013,0.2925,1.9705,-0.338,0.2442,1.0914,0.498,0
-0.4318,0.2308,0.47,0.6613,-0.1318,-0.5454,0.428,0
0.934,0.5495,-0.1602,-0.4297,0.7273,0.0726,0.587,1
-0.384,-0.253,0.5214,0.7084,0.0769,-0.7088,0.497,0
0.7152,0.2166,-0.0747,0.8119,-0.1281,-0.7988,0.612,1
1.0169,0.9055,0.5203,-0.9755,-0.2161,0.0391,0.593,1
-0.5943,-0.32,0.0956,0.0462,-0.3732,0.0697,0.361,0
-0.2356,0.4665,0.0548,-0.1998,-0.2511,0.5046,0.458,0
0.6901,1.1114,-0.0681,-1.4559,-0.1403,0.1598,0.605,1
0.6171,-0.3344,-0.8684,-0.7223,-0.1951,-0.0599,0.611,1
0.5244,1.0665,1.1629,0.3875,-0.2633,-0.3798,0.518,1
0.9871,1.5302,-0.5649,1.0096,0.8395,0.5996,0.505,1
1.3242,0.626,-0.816,0.4513,-0.412,0.3715,0.543,1
-1.1689,-1.7543,-0.1277,0.1618,0.0587,-0.4985,0.483,0
0.2974,1.0185,-0.5769,-0.0107,0.237,0.0152,0.618,1
1.3157,0.3623,-0.031,0.8413,0.252,0.0576,0.549,1
-0.3578,-0.7099,0.4127,1.0741,-0.0234,-0.1383,0.42,0
-0.5742,-0.1319,0.5972,-0.2934,-0.0963,0.3087,0.488,0
-0.3716,-0.155,0.4888,-1.0,0.1806,0.3327,0.408,0
-0.9258,-0.103,-0.1834,-1.0491,0.1066,-0.0762,0.431,0
0.9255,0.7581,0.0298,0.6609,-0.1036,-0.1123,0.571,1
-0.2022,-0.7751,0.2447,-0.0235,-0.6248,0.5996,0.511,0
-0.1118,-0.9091,-1.0547,0.0916,-0.1872,0.3731,0.507,0
0.2054,-0.1018,0.3424,-0.8953,-0.4586,0.0289,0.405,0
0.7301,1.4478,-0.8744,-0.3766,-0.2669,-0.6517,0.646,1
1.3441,0.4248,1.2242,-0.1477,0.0133,0.1376,0.591,1
-1.2093,0.1857,-0.2427,0.1039,0.1435,0.2792,0.465,0
-0.8126,0.3976,-0.1109,-0.1993,0.7122,-1.1018,0.46,0
-0.0874,0.0892,-0.4618,-0.5187,-0.215,0.1007,0.527,1
1.7675,1.3118,-0.378,-0.3923,0.3099,-0.1667,0.562,1
-0.8444,0.013,1.3645,0.6042,0.1224,-0.0883,0.557,0
-0.2815,0.3849,0.5642,0.1224,0.5184,-0.363,0.399,0
-0.6006,-0.6207,-0.9295,0.3061,0.2305,-0.0593,0.372,0
-0.6709,0.2553,0.9025,-0.4494,-0.4034,0.5568,0.424,0
0.2224,0.1744,0.7159,-1.4769,-0.6892,-0.1786,0.641,1
0.9779,0.0159,-0.1687,-0.2616,0.1245,0.3862,0.57,1
-0.7716,-0.207,0.184,-0.4333,-0.2114,-0.3225,0.4,0
0.4234,0.1633,-0.009,0.1745,-0.3921,0.3035,0.496,1
-0.6992,-0.1882,1.1835,1.6429,-0.507,0.0007,0.402,0
1.1222,1.1992,-0.4778,0.3476,0.0644,0.1408,0.603,1
1.1903,0.8906,0.0876,1.368,0.6031,0.0029,0.555,1
-0.4333,-0.7738,-0.2569,0.2844,-0.1635,0.2567,0.433,0
-0.3365,0.3265,-0.8598,-0.3149,0.2361,-1.027,0.476,0
1.1911,-0.2625,1.315,0.174,-0.0409,-0.5679,0.6,1
-0.2018,0.288,-0.7089,0.8903,-0.5158,0.1668,0.429,0
-0.3698,0.2674,0.1321,0.9148,0.2939,-0.8174,0.455,0
1.3408,0.8472,-1.0444,-0.2877,-0.4379,-0.2122,0.577,1
1.6398,1.7864,-0.2394,0.1266,0.0087,-0.0217,0.507,1
-0.4749,-0.0887,0.2532,-0.7146,-0.1366,-0.3313,0.454,0
1.6636,-0.4956,-0.4948,0.4123,0.3572,-0.2766,0.632,1
-0.0409,-0.2408,0.3521,0.7767,-0.4233,0.1086,0.523,0
0.6478,0.5612,-0.1614,0.0199,0.1563,0.4037,0.619,1
0.5478,0.5437,0.696,-0.3337,-0.3359,-0.3834,0.528,1
1.4548,0.1346,0.8171,0.1801,-0.2044,-0.23,0.579,1
-0.3316,-0.8925,-0.352,0.2087,-1.4541,-0.2925,0.452,0
1.0941,-0.1213,0.046,0.0406,0.8368,-0.9686,0.617,1
0.5763,0.0275,0.1101,0.0894,0.2202,0.0567,0.582,1
-0.6256,-0.3021,0.3716,-0.0869,-0.3069,0.3739,0.457,0
-1.1016,-0.2076,0.0086,0.498,-0.4499,0.4067,0.525,0
-0.9996,-0.424,0.1141,0.3681,-0.1983,-0.3483,0.451,0
-0.4909,-0.0151,-0.146,-0.4916,0.2868,-0.5007,0.506,0
1.2531,1.3824,0.0691,-0.5053,-0.7568,0.0086,0.53,1
-1.0395,0.1969,0.7788,-0.1272,-0.0566,0.3317,0.439,0
-0.5822,-0.4265,0.3876,0.3684,0.7083,0.0619,0.441,0
0.5381,0.6653,0.4208,0.074,-0.4536,0.1157,0.563,1
-1.0605,-0.2891,0.4338,-0.3216,0.0322,0.4567,0.393,0
0.832,0.5717,-0.0923,0.1308,0.8813,-0.2957,0.531,1
-0.751,-0.1357,0.1913,-0.1654,0.2529,-0.088,0.473,0
0.4049,0.9803,-0.6511,0.4402,0.0504,0.6538,0.547,1
1.0892,0.8957,0.7613,0.1665,0.2027,-0.0787,0.59,1
0.8342,0.4141,-1.6698,-0.1576,-0.1603,-0.5069,0.513,1
-0.7833,-0.6597,-0.0523,0.1158,0.5199,-0.2677,0.433,0
0.4284,1.6746,0.6845,0.6575,-0.1597,-0.3753,0.675,1
-0.7554,-0.0693,-0.8183,-0.2848,-0.7837,0.1429,0.44,0
-0.6864,-0.5179,0.2399,0.2013,-0.1565,-0.3584,0.442,0
-0.4664,-0.0678,-0.4085,-0.0352,-0.3867,0.1084,0.429,0
0.8953,0.3324,-0.2213,0.2135,-0.1125,-0.2944,0.638,1
-0.6264,0.2416,0.5676,-0.3273,-0.1036,-0.8494,0.423,0
0.8883,-0.1147,0.1188,0.0552,0.479,0.1226,0.548,1
-0.4433,-0.7714,-1.2206,0.5539,0.2781,0.0594,0.395,0
-0.6357,-0.4538,-0.5859,-0.4685,0.1053,0.2071,0.396,0
1.0322,0.7895,0.5852,-0.6647,-0.0012,-0.2692,0.657,1
-0.9758,-0.0178,0.2694,-0.6457,-0.4235,-0.3118,0.436,0
0.7903,1.1084,1.0489,-0.5853,-0.8725,0.1606,0.567,1
-0.3528,0.8665,1.0096,0.2977,0.0453,0.6076,0.476,0
1.1632,0.3204,-0.2053,-0.7029,0.3179,0.0045,0.599,1
0.517,0.8586,1.5019,-0.1489,-0.0433,0.1698,0.636,1
-1.2119,0.1337,0.0147,0.3091,-0.2139,-0.1286,0.496,0
0.015,-1.1184,-0.5776,0.2083,0.1858,-0.6175,0.502,0
0.466,1.2493,-0.3802,-0.1928,-0.0333,0.387,0.566,1
1.4612,0.3641,-1.354,0.0955,0.6743,0.3634,0.586,1
-0.7833,-0.3602,0.9642,0.0536,0.4931,0.2843,0.489,0
0.0657,-1.228,0.9569,-0.1121,0.3838,-0.0728,0.402,0
0.5985,0.4607,-0.6093,-0.1054,0.3031,0.2388,0.575,1
0.7311,1.0992,-0.1367,1.1177,-0.5161,0.3575,0.569,1
-0.7131,-0.2492,0.0574,0.4047,0.2652,0.6481,0.507,0
-1.0484,-0.5721,-0.5762,1.2403,0.1505,0.3954,0.405,0
-1.2819,-0.8389,-1.0531,-0.2485,0.2426,0.0255,0.435,0
0.8407,0.5604,-0.1262,-0.0425,0.197,-0.5233,0.516,1
-1.3372,-0.1871,-0.1926,-0.6661,0.1811,0.0623,0.468,0
0.6749,1.0775,-0.233,-0.4048,1.0803,0.1026,0.625,1
-0.2454,-0.6744,0.1336,0.951,-0.0305,0.2836,0.388,0
-1.1805,0.0316,0.8577,-0.261,0.3745,0.5416,0.458,0
0.9724,0.589,-0.1819,0.9596,-0.1884,-0.0381,0.668,1
0.7546,-0.0353,0.1023,-0.6217,0.3163,0.8404,0.632,1
0.7777,0.2362,0.4361,-0.5267,0.3757,-0.7037,0.585,1
-0.8469,-0.4836,0.3325,-0.1706,0.1458,0.1677,0.383,0
1.3379,0.4027,-0.3687,-0.0319,0.6677,-0.3194,0.452,1
0.5068,1.1362,0.0578,0.4615,-0.3537,-0.7629,0.572,1
-0.4924,0.1515,0.3285,0.2254,-0.1949,-0.0807,0.381,0
-0.9601,-0.1913,-0.677,-0.2082,0.085,-0.5829,0.44,0
-0.7654,0.1539,0.7581,-0.0667,0.3523,-0.0646,0.418,0
-0.4854,-0.4572,0.859,-0.1595,0.0718,0.0139,0.52,0
0.5739,0.6988,-0.4337,-0.4573,0.5143,0.4474,0.491,1
-0.2244,-0.3832,0.1162,-0.444,-0.2647,-0.603,0.405,0
0.4197,0.4934,0.3854,0.5139,-0.4562,0.3634,0.604,1
-0.4554,0.0228,-0.3274,-0.9141,0.1233,0.0392,0.666,1
0.7452,0.7535,0.289,0.8087,-0.0309,0.4115,0.575,1
0.3432,0.4799,0.098,-0.1715,0.2171,-0.1727,0.596,1
-0.8508,-0.6135,-0.8808,-0.3863,-0.011,-0.5329,0.44,0
-1.3072,0.9542,0.2755,0.3699,-0.136,-0.487,0.433,0
-0.5922,0.6034,-0.6601,0.7426,-0.03,-0.5167,0.423,0
0.634,0.2888,0.5635,0.5588,0.0115,0.1911,0.543,1
-0.3386,-0.4653,-0.4027,0.2509,-0.122,0.5908,0.41,0
1.3645,0.6578,-0.0968,0.5434,-0.0813,-0.226,0.588,1
-0.653,-0.1158,0.8234,-0.8582,-0.1614,0.2517,0.444,0
-0.1292,0.1886,0.2978,-0.2609,0.3427,-0.6094,0.455,0
-1.125,-0.2102,-0.6477,-0.4556,0.0776,0.0721,0.393,0
0.1788,-0.2583,-0.6089,0.6123,0.9027,0.2674,0.684,1
0.2386,0.3254,-0.3596,-0.1917,0.0643,-0.5792,0.53,1
-0.9353,-0.4048,0.2368,0.4227,-0.2203,-0.0816,0.417,0
1.7016,0.1703,0.215,0.2679,1.0683,0.2864,0.592,1
-0.2872,-0.1164,-0.5059,-0.4312,0.1655,-1.1735,0.415,0
0.7267,0.2292,-0.7003,-0.2935,0.396,0.5342,0.552,1
0.2232,0.4565,0.169,0.6469,0.2368,0.1415,0.438,1
-1.0427,-1.7834,-0.1091,-0.3877,0.2492,0.2867,0.406,0
1.1813,0.7434,1.2943,0.0624,0.2143,-0.1651,0.618,1
-0.9054,0.0589,0.022,-0.3913,-0.4408,-0.6891,0.457,0
0.5483,0.8868,1.0886,-0.157,0.147,0.2136,0.55,1
-0.9964,-0.3324,-0.7022,-0.0231,-0.5299,-0.033,0.459,0
0.2828,0.3298,-0.9439,-0.3914,-0.0697,0.0128,0.652,1
-1.2702,0.193,-0.6721,-0.4802,-0.2902,0.435,0.4,0
0.3678,0.7278,0.7135,0.1431,0.143,0.3048,0.571,1
0.329,0.1034,1.0537,-0.4224,0.1337,0.7685,0.584,1
0.6305,0.9578,-0.4693,-0.4053,0.1925,0.0615,0.573,1
0.6043,1.0932,-0.2763,-0.4695,0.1149,-0.2765,0.636,1
0.5848,0.0056,-0.7014,-0.039,-0.2427,-0.0754,0.536,1
-0.7902,-0.645,-1.087,0.4719,-0.1044,0.1663,0.508,0
-0.9343,0.4329,0.431,0.7533,0.3682,0.4063,0.446,0
-1.0383,0.2463,0.1338,-0.363,0.4271,-0.5868,0.428,0
0.8732,0.285,0.0063,1.0752,-0.4587,0.0034,0.649,1
-0.7006,-0.5243,-0.84,-0.5024,-0.6124,0.6438,0.476,0
0.8421,-0.1333,0.984,0.5418,-0.2908,-0.0961,0.577,1
0.8602,0.0052,-0.302,-0.3608,0.4181,0.3724,0.534,1
-0.3556,0.474,0.3202,-0.4355,0.486,0.1972,0.517,0
-0.9066,-0.6142,-0.8727,-0.3724,-0.3699,0.3823,0.45,0
-0.9732,-0.2493,-0.1143,-0.0262,0.1229,-0.3239,0.44,0
-0.3306,-0.6769,0.1748,0.29,0.7338,-0.3222,0.481,0
-0.6988,0.1214,0.1962,0.3349,0.1661,0.0081,0.484,0
-1.3704,-0.5694,0.0928,-0.472,0.5686,-0.6129,0.408,0
0.8137,1.1119,0.2967,-0.4948,0.3995,-0.1079,0.493,1
0.655,0.9746,-0.6783,-0.4583,-0.3641,0.1012,0.647,1
-0.0018,-1.1067,0.1184,-0.0557,-0.076,0.7139,0.456,0
-0.0886,-0.2962,0.0683,-0.1051,0.0139,0.1611,0.467,0
-1.0004,-0.9626,0.139,-0.4751,0.0417,0.2501,0.386,0
0.482,0.0234,0.0434,0.1348,0.3665,0.4658,0.721,1
-0.0289,0.6815,-0.7639,1.1313,0.1635,-0.3859,0.514,1
-1.3467,-0.7001,-0.7907,-0.2524,-1.1745,-0.066,0.404,0
-0.7698,-0.2916,-1.3286,-0.2168,-0.5251,0.9702,0.462,0
1.2545,1.0765,0.4905,0.2798,-0.875,-0.0316,0.647,1
0.9436,1.4503,0.4966,-0.2794,0.0701,0.4466,0.598,1
-0.7228,-0.779,0.5061,0.3345,0.0962,0.3855,0.375,0
0.5211,1.0532,0.1841,-0.3593,0.1133,-0.5912,0.532,1
-0.5574,-0.4434,-1.2799,0.9161,-0.3836,0.1242,0.438,0
-0.9373,0.676,-0.616,0.1724,0.2697,0.0587,0.411,0
1.111,0.8061,0.1022,-0.31,0.2865,0.132,0.582,1
0.2165,0.7846,0.0813,-0.2943,-0.5021,-0.3016,0.552,1
-1.6086,-0.0465,-0.1336,-0.2569,-0.5864,-0.4468,0.407,0
0.0061,0.3788,0.2214,0.6864,-0.0001,-0.1904,0.643,1
-0.4433,-1.7,0.007,-0.6344,0.7167,-0.0391,0.512,0
0.9761,0.0071,0.0725,-0.334,0.6799,0.474,0.517,1
-0.2433,0.3536,-0.3834,-0.2808,0.2254,0.7269,0.436,0
0.3798,-0.0041,0.5892,-0.0078,-0.292,0.5586,0.583,1
1.1384,0.5425,-0.2585,-0.1356,0.3547,0.3441,0.493,1
-1.2268,0.4419,-0.7984,-0.7456,-0.181,-0.4017,0.39,0
0.6042,0.1579,-0.4626,-0.1999,-0.307,-0.1636,0.528,1
0.8168,0.1471,-0.2091,-0.0498,-0.8576,0.084,0.666,1
1.8547,0.3697,0.5964,-0.314,0.041,-0.253,0.606,1
-0.9039,-0.6148,-0.0254,0.3434,-0.2519,0.2309,0.411,0
1.265,0.5436,-0.1117,0.4597,0.0386,0.2882,0.543,1
0.9742,1.1237,-0.7492,-0.0392,-0.9197,0.2145,0.575,1
-1.0252,-1.028,0.4713,0.1153,0.0679,0.4101,0.381,0
-0.1584,1.2707,-0.3912,-1.0805,-0.9724,-0.3618,0.579,1
-0.2613,0.014,-0.06,-0.2106,0.4352,0.3731,0.442,0
-0.3863,-1.1306,0.8881,0.5024,0.2088,-0.2783,0.457,0
0.05,0.5373,0.3053,-0.2117,-0.1115,-0.3764,0.55,1
0.337,0.5113,-0.977,-0.3686,0.2251,0.2128,0.563,1
0.0077,0.8819,-1.0617,1.1388,-0.3912,0.4863,0.476,1
-0.2679,-0.6793,-0.0386,0.9095,0.029,0.1952,0.393,0
1.1275,-0.4413,-0.7276,0.2338,0.3179,0.0083,0.595,1
-0.5119,0.2632,0.3891,0.5695,-1.2377,0.1241,0.406,0
-0.187,-0.3493,0.0254,-1.113,-0.1789,0.0546,0.404,0
0.1694,0.701,0.0992,-0.3938,-0.0091,-0.4504,0.356,0
0.0272,0.5001,-0.424,-0.235,-0.0785,-0.497,0.528,1
0.0973,0.4524,1.0448,-0.118,0.5828,-0.0315,0.623,1
0.2924,-0.206,1.7056,-0.245,-0.4496,0.0319,0.6,1
0.4445,0.5827,-0.1672,-1.275,-0.2485,0.0045,0.6,1
-1.2146,-1.1357,0.2118,0.193,-0.7663,0.2704,0.389,0
0.3943,-0.0642,0.0585,0.2718,0.6041,-0.0862,0.603,1
-0.9989,-0.6675,-0.1558,0.8009,-0.0985,0.2252,0.542,0
-0.7855,-0.7232,-0.4992,-0.3942,-0.1754,-0.0578,0.51,0
-1.0393,0.5721,-0.651,-0.4351,-0.021,0.7293,0.439,0
1.2561,0.2944,-0.6814,-1.34,0.2545,0.0323,0.558,1
0.3279,0.5728,0.2431,-0.1468,0.1389,0.9363,0.666,1
0.9675,-0.446,-0.3118,0.4506,1.0592,0.1408,0.542,1
-1.2459,-0.9502,-1.547,-0.3059,0.1816,-0.0855,0.411,0
-1.1782,0.4169,0.2669,1.0717,-0.1861,-0.3598,0.359,0
1.1541,0.4569,-0.023,-0.1283,-0.2245,-0.5772,0.519,1
-0.919,-0.0354,0.808,0.0735,-0.1571,-0.3966,0.441,0
0.4214,0.0267,0.2239,-0.6816,-0.6007,-0.3518,0.568,1
0.7271,1.0653,-0.8872,0.1436,0.0159,0.1579,0.587,1
-0.3573,-0.034,-1.3378,-0.9897,0.3134,-0.2105,0.397,0
0.6908,1.2704,-0.4317,0.3468,-0.2453,0.0748,0.573,1
1.034,0.2368,-0.3751,0.3622,-0.323,0.5128,0.582,1
-0.8298,0.1682,0.5659,0.6796,0.6064,-0.0351,0.45,0
1.533,0.9078,-0.0053,-0.51,-0.5706,0.8317,0.57,1
-0.3962,-0.6864,0.6802,0.0803,-0.8271,-0.4703,0.475,0
0.751,-0.1067,-0.7949,0.2819,-0.4612,-0.0602,0.566,1
0.4366,1.0487,0.5792,0.2211,-0.6162,-0.2157,0.609,1
1.0416,-0.086,0.4326,-0.4326,0.1545,0.3746,0.651,1
0.1531,-0.4095,-1.2109,-1.196,-0.1443,-0.8959,0.549,1
-0.5915,-0.2326,0.7936,0.1735,-0.0879,-0.5772,0.388,0
0.548,-0.1969,0.0561,-0.0762,0.4612,-0.0429,0.597,1
-0.569,-0.3587,0.2352,-0.2833,-0.2765,0.6206,0.479,0
0.2214,0.5345,-0.5189,0.382,0.31,0.0903,0.581,1
0.614,-0.9053,0.7651,-0.0225,0.6045,-0.5406,0.507,1
-0.5876,0.1365,-0.7115,-0.6596,-0.1823,-0.4789,0.368,0
-0.6647,0.0045,0.4993,-0.9657,0.2948,0.6692,0.483,0
1.0511,0.6772,0.4924,-0.5645,-0.0967,-0.2485,0.561,1
1.4659,0.9518,-0.5845,1.1965,0.3696,-0.3772,0.59,1
-0.3563,-0.1501,1.19,0.3614,-0.6286,0.5909,0.425,0
-0.7327,-1.1278,0.1389,0.0943,-0.6582,0.4044,0.468,0
-0.4701,0.0232,0.3923,-0.0908,-0.1565,0.5096,0.387,0
0.5823,-0.2052,-0.9163,-0.1237,-0.3556,-0.38,0.518,1
-1.0029,-0.7631,1.2706,0.5836,-0.2067,-0.61,0.381,0
0.192,-0.2311,-0.7347,-0.2453,-0.0878,0.0533,0.512,1
-1.4645,-0.5997,0.6149,0.2885,0.288,0.1341,0.4,0
0.6456,-0.2573,-0.5969,-0.1742,-0.1631,0.1458,0.528,1
-0.3359,-0.2525,-0.3714,0.9701,-0.3295,0.5913,0.444,0
0.3856,0.367,0.4733,0.3711,-0.1406,-0.6935,0.563,1
-0.758,-0.0931,0.6165,0.6228,-0.3077,0.3439,0.547,0
0.4952,1.1818,-0.7628,-0.2922,-0.3736,-0.4387,0.623,1
-0.0304,-0.2659,0.6543,0.5291,-0.6452,0.3423,0.485,0
1.1511,0.8058,0.627,-0.1563,0.0278,-0.19,0.606,1
1.1163,0.5188,-0.5628,0.055,-0.2275,-0.3256,0.531,1
-0.5443,-0.2573,0.9592,0.8175,0.3865,-0.244,0.426,0
0.0927,1.65,-0.8741,-0.5214,-0.579,-0.5782,0.585,1
1.9971,-0.2207,-0.3749,0.1016,-0.2168,0.0162,0.564,1
-0.7292,-0.3939,0.2874,0.219,0.7252,-0.3091,0.417,0
-0.0658,-0.8194,-0.5121,0.26,-0.3758,0.3145,0.437,0
-0.2099,-0.2963,0.1583,-0.2254,-0.0946,0.256,0.438,0
0.7546,1.3147,0.1446,1.0431,-0.4863,0.6753,0.499,1
0.5826,-0.4241,-0.1122,-0.6475,-0.5394,0.1465,0.674,1
-0.62,0.0636,0.4994,0.7294,0.6189,0.2083,0.438,0
0.905,-0.1042,-0.137,0.6075,0.0684,0.56,0.615,1
0.4863,0.706,0.1389,0.9504,0.0535,-0.2511,0.538,1
0.6117,-0.0565,0.6879,-0.7941,-0.6785,-0.5953,0.595,1
1.2485,0.7165,0.4744,-0.4344,0.1435,0.08,0.515,1
1.44,0.4068,0.4716,0.746,0.463,-0.5691,0.603,1
1.4113,0.2603,-0.6895,-0.9385,0.4598,0.9816,0.562,1
-0.7599,-0.4738,0.3149,-0.8032,0.2673,0.5822,0.502,0
0.699,0.3657,-0.5271,-0.2442,-0.4518,0.8656,0.615,1
-0.6009,-0.3399,-0.7688,0.096,0.1252,0.025,0.387,0
-1.027,-0.6058,-0.043,0.7961,0.267,0.2202,0.492,0
-1.1036,-1.218,-0.5426,-0.0926,-0.7178,-0.1838,0.429,0
0.856,-0.6088,0.4744,-0.3041,-0.4485,0.3532,0.685,1
0.8216,0.079,0.4887,0.1557,0.3553,-0.4862,0.573,1
-0.4534,-0.1842,-1.1416,0.2348,0.3504,-1.0172,0.418,0
-0.9183,-0.628,-0.497,0.2206,-0.6194,-0.3163,0.384,0
0.0986,0.2558,-0.8759,-0.089,0.318,-0.5822,0.524,0
1.0729,0.6994,-0.2776,-0.9775,0.0381,0.5912,0.493,1
-0.2767,0.0397,0.2731,-0.4588,0.3124,0.7263,0.438,0
1.0416,0.3603,-0.1454,0.7101,-0.2538,-0.5612,0.499,1
0.0057,0.4526,-0.3539,0.0935,0.2581,0.5167,0.478,0
-0.6872,0.4879,0.7801,-0.1613,0.3375,0.3806,0.478,0
-0.6125,-0.2906,-1.3829,0.5591,-0.1405,-0.6279,0.483,0
-0.532,0.3615,0.7421,-0.5651,0.0071,-0.1561,0.415,0
1.1993,0.7501,-0.3266,-0.1127,-0.2594,-0.2321,0.575,1
-0.3452,-1.2331,-0.0469,0.0689,0.6607,0.2992,0.471,0
-0.7901,-0.6801,-0.3164,-0.2207,-0.0481,-0.4915,0.419,0
-0.8132,0.5647,0.9257,0.0504,-0.3688,-0.0395,0.44,0
-0.344,-1.0455,-0.7386,-0.0938,-0.2863,-0.2744,0.456,0
-0.3139,-0.3002,0.007,-0.6997,0.0507,0.1893,0.471,0
-0.7573,-0.2829,0.3165,0.0907,0.3013,-0.0867,0.369,0
0.5838,0.0721,-0.9666,-0.6642,-0.5343,-0.2141,0.559,1
0.4794,-0.093,-0.5519,0.0828,0.7391,-0.0853,0.671,1
-0.3506,-0.2639,-0.0889,0.6871,0.1235,0.8144,0.468,0
0.1222,-0.5811,-0.532,-0.1405,0.1866,-0.1668,0.471,0
1.0449,0.7311,-0.4894,-0.5857,-0.0389,-0.4164,0.465,1
-0.7706,-0.1925,-0.2099,-0.0635,0.0077,0.2334,0.494,0
-0.7558,0.2367,0.3897,-0.416,-0.0593,-0.0574,0.494,0
-0.0577,0.1348,-0.2056,0.2973,0.4071,-0.5661,0.498,0
-0.614,-0.7049,0.6471,-0.074,-0.0032,0.8926,0.452,0
1.0566,1.0611,-0.5987,0.8549,0.3068,-0.141,0.652,1
-0.3765,-0.4421,-0.7512,0.5815,-0.1735,-0.1511,0.475,0
0.4087,0.1599,1.1558,-0.0765,0.0783,0.0639,0.538,1
-1.0898,0.0228,-0.3948,0.3578,-0.3216,0.692,0.428,0
-0.9571,0.052,-0.7865,-0.1966,0.4866,-0.6719,0.456,0
1.3942,0.6868,-1.0452,0.017,-0.3335,0.1104,0.539,1
-0.4463,-0.0896,0.6451,-0.1807,-0.13,0.8349,0.406,0
0.7117,1.1407,-0.2048,0.3832,-0.126,0.0515,0.518,1
-0.7,0.0312,-0.1522,0.7165,-0.1416,-0.4941,0.442,0
0.1391,0.2894,-0.0955,0.3993,0.289,-0.2474,0.582,1
-0.4879,-1.0072,0.6078,0.461,-0.1267,0.0828,0.375,0
1.0178,0.7286,-0.1077,0.4615,0.5576,0.5323,0.524,1
-0.5541,0.3189,1.4064,0.2756,-0.3274,-0.1357,0.441,0
1.1684,1.0991,0.0803,-0.5696,0.0678,0.3307,0.55,1
-0.5908,0.111,0.6371,0.8505,-0.3103,-0.5741,0.456,0
0.6269,1.1499,0.4831,0.9022,0.1684,-0.5775,0.575,1
-0.845,-0.3011,-0.0219,-0.1169,-0.0064,-0.1931,0.395,0
0.7014,0.9654,-0.3522,-0.1853,-0.062,0.5752,0.588,1
0.2107,-0.2385,0.1992,0.3062,0.4754,0.0275,0.453,0
-0.2549,-0.5753,0.3061,0.2754,-0.2617,0.1159,0.385,0
-0.932,-0.6084,-0.3436,-0.101,0.2346,0.1112,0.419,0
-0.7127,-0.0834,0.0998,-0.625,-0.3076,0.4437,0.46,0
-0.8548,-1.1019,0.7417,0.1529,0.0451,-0.2441,0.401,0
1.2224,0.6553,1.242,0.2757,-0.4782,0.2753,0.589,1
1.1153,-0.0576,0.5126,0.3629,-0.265,-0.3324,0.559,1
-0.5542,-0.3112,1.1177,0.1746,-0.0329,0.7933,0.377,0
0.4052,-0.0954,-0.3776,-0.1356,0.7259,-0.3202,0.652,1
1.4463,0.2698,0.4211,0.497,0.0403,-0.353,0.519,1
-0.6416,-0.2477,0.8031,0.0329,0.6619,0.2199,0.409,0
0.8851,0.6368,-0.5378,-0.2325,0.0881,0.0319,0.598,1
0.7959,0.1997,-0.2914,-0.0903,-0.1548,0.1307,0.52,1
0.7305,1.0346,1.0427,-0.873,0.6157,0.0909,0.505,1
-0.5682,-0.5632,-0.5851,-0.0911,0.1748,-0.4362,0.379,0
0.518,0.1061,-0.8047,0.3442,-0.2571,0.6453,0.616,1
-1.2958,-0.3544,0.9168,0.1699,0.1882,0.3574,0.418,0
-0.9201,0.2165,0.7181,0.7603,-0.117,0.5436,0.44,0
-0.8211,-0.955,0.2593,-0.1315,-0.7956,-0.2113,0.436,0
2.151,0.3186,-0.0274,0.2437,0.3744,0.1666,0.534,1
1.0706,-0.2637,-0.2631,0.3964,0.438,0.0789,0.552,1
0.6363,0.3903,0.1692,1.1714,0.7352,0.4512,0.592,1
0.3776,0.6175,0.9479,0.0724,0.1689,0.4641,0.556,1
-0.8503,0.3161,0.1431,-0.5221,-0.0995,0.0772,0.482,0
-0.508,-0.0813,1.3002,0.424,0.334,-0.6072,0.453,0
-0.2889,-0.5819,-0.5388,0.9329,0.3399,0.7119,0.446,0
-0.8929,-1.4627,-0.0118,-0.1613,0.6553,0.2224,0.371,0
1.2487,1.217,-0.2238,0.4205,-0.0179,-0.2434,0.469,1
0.8916,0.0567,-0.6511,0.6144,-0.0662,0.1626,0.554,1
-0.1818,-0.496,-0.0919,0.5085,-0.2862,-0.6044,0.518,0
-0.6806,-0.2858,0.2504,0.0628,0.215,0.4221,0.467,0
-0.4475,-0.0893,0.3145,-0.3492,-0.6193,-0.5885,0.501,0
-0.6162,-0.8076,1.3023,-0.0406,0.3104,-0.0883,0.464,0
0.7243,0.9748,0.2787,0.2293,0.2351,0.0978,0.563,1
0.7655,-0.3575,0.6901,0.4541,0.234,0.4155,0.49,1
-0.0863,0.8388,0.0397,0.167,0.0553,0.0426,0.552,1
-1.0998,-0.8645,1.0068,-0.19,0.6132,0.254,0.402,0
-0.0265,-0.3333,1.4391,0.2777,0.3488,-0.0113,0.425,0
-1.3439,-1.4122,0.3187,0.43,-0.2428,-0.0129,0.432,0
0.4997,0.5329,-0.5956,0.1898,-0.2357,0.0342,0.547,1
1.1171,0.1996,-0.3293,-0.4181,-0.3519,-0.0756,0.561,1
-0.4351,0.5378,0.1692,-0.0907,0.2205,-0.6746,0.488,0
1.2231,0.4699,0.2739,0.4739,-0.4001,-0.3073,0.59,1
-1.3433,-0.0958,0.4191,-0.6915,0.4334,0.0979,0.385,0
0.6446,0.0399,0.2761,-1.0466,0.5292,-0.0996,0.534,1
0.3504,-0.2386,0.0042,0.754,-0.3516,-0.0623,0.644,1
0.9512,0.2449,-0.3817,0.2557,-0.0742,-0.1293,0.531,1
1.7839,1.0513,0.2407,0.3034,0.0066,-0.3454,0.499,1
0.0363,-0.4527,1.113,-0.5384,0.3536,-0.1972,0.522,0
-0.5517,-0.1504,0.612,0.3688,0.6437,-0.1227,0.462,0
-0.1824,-0.6118,0.3208,0.1376,-0.6742,0.0021,0.434,0
-0.3665,-0.2583,0.6177,-0.7922,-0.1273,0.1574,0.454,0
1.3498,0.5477,-0.2226,0.7121,-0.1064,-0.0722,0.65,1
1.1227,0.4102,-0.305,0.0793,-0.5603,-0.4119,0.614,1
-0.49,-0.2598,-0.4487,-0.198,-0.194,-0.5592,0.414,0
0.3984,-0.2886,-0.0752,-0.189,0.1711,1.039,0.506,1
-0.0819,0.0806,-0.2532,-1.0076,-0.1115,-0.4519,0.356,0
-0.6648,-0.3603,0.725,0.2967,-0.6178,-0.2075,0.446,0
-0.1219,-0.4749,-0.2852,0.1309,1.1496,0.2068,0.365,0
-0.7921,-0.3904,-0.4816,-0.097,0.1065,0.1443,0.442,0
-0.4925,-0.6573,1.1655,0.6392,0.0447,0.2083,0.475,0
-0.5163,-0.48,-0.2708,-0.6919,-0.4392,-0.1771,0.421,0
-0.618,0.7156,0.0921,-0.2984,0.1043,0.0954,0.507,0
1.122,1.0343,0.2708,-0.425,-0.0657,0.0245,0.51,1
-0.443,-0.4393,-0.682,-0.1394,-0.7554,-0.1249,0.488,0
-0.9705,-0.4937,0.7413,0.0337,-0.4281,0.0982,0.467,0
-1.0838,-0.4236,0.3823,0.215,0.318,0.4221,0.371,0
1.5896,1.189,0.935,-0.1735,0.7776,-0.0089,0.501,1
-0.3091,-0.1604,-0.4075,-0.4387,0.1469,-0.0062,0.437,0
0.7251,0.7606,0.0595,0.843,0.4412,0.4273,0.582,1
1.2131,-0.5422,0.0236,1.2058,-0.0623,0.3845,0.635,1
1.3815,0.2209,0.1583,0.0716,-0.0346,0.6336,0.576,1
0.608,0.8064,-0.8728,-0.3784,0.4364,-0.7025,0.454,1
-0.5298,-1.4345,0.0665,0.7377,0.6651,0.362,0.444,0
-1.0099,-0.7885,-0.8559,-0.7234,0.5204,0.2406,0.428,0
0.1392,-0.4213,0.215,-0.1674,-0.4265,-0.3543,0.465,0
1.1192,0.1468,-1.2772,-0.3481,-0.0268,0.1006,0.561,1
-0.6484,-0.0284,-1.111,-0.5798,0.111,0.4204,0.363,0
-0.3091,-1.2038,0.4911,-0.14,-0.1039,-0.3317,0.434,0
0.5435,0.4087,-0.3281,-0.4321,0.1551,0.177,0.664,1
-0.2683,-0.3266,-0.5927,0.0063,0.3282,0.3485,0.454,0
0.4389,1.0874,0.7625,0.0136,0.4011,-0.4284,0.605,1
1.8793,1.558,0.1966,-0.3107,0.6743,-0.0569,0.576,1
-0.2083,-0.3675,0.5233,-0.1853,-0.1318,0.1204,0.493,0
-0.6999,-0.6588,-0.0997,-0.1154,-0.5456,-0.3185,0.402,0
-0.517,-0.8519,1.6078,0.4049,0.1433,-0.3517,0.482,0
1.1077,-0.2592,-0.3627,-0.0742,0.7535,-0.054,0.535,1
0.7249,0.5231,1.0467,0.4124,-0.1908,0.3207,0.62,1
1.1362,0.8745,-0.0368,0.2929,0.2747,0.2575,0.486,1
0.4699,1.2471,-0.9927,0.2858,0.2783,-0.3446,0.612,1
0.6028,0.6007,0.2897,0.6939,0.0766,0.2609,0.525,1
-0.1882,0.0573,0.1889,-0.5597,0.0028,-0.3344,0.423,0
0.193,-0.1455,-0.6308,-0.2366,-0.3694,-0.6441,0.406,0
1.5231,0.5131,-0.5533,0.8816,-0.9127,-0.1469,0.612,1
0.2687,-0.6058,-0.0148,-0.1287,-0.4447,0.4492,0.438,0
-0.9689,-0.5484,0.2098,-1.4076,-0.1561,0.2624,0.494,0
1.4652,0.1458,-1.4824,-0.1015,0.439,-0.0006,0.537,1
-1.0756,0.9199,0.6319,0.0675,-0.0413,-0.1667,0.441,0
0.7026,-0.239,-0.2967,-1.3086,-0.2076,-0.1559,0.588,1
0.8226,-0.6456,-0.799,0.667,-0.3564,0.0435,0.639,1
-0.6608,-0.7162,0.5646,-0.3569,0.2627,-0.4274,0.492,0
0.7139,-0.2852,-0.0142,0.1643,0.5433,-0.1392,0.532,1
-0.1071,0.7886,0.7297,-0.113,0.4254,-0.0862,0.433,0
-1.2103,-0.4996,0.2628,-0.6442,0.2425,-0.5404,0.464,0
-0.8388,0.1534,-0.0009,-0.5353,-0.5902,-0.3354,0.444,0
-0.2719,-0.488,-0.0916,-0.4675,-0.1407,0.1642,0.424,0
-0.7871,-0.1694,0.2896,0.5428,0.7789,0.0038,0.461,0
-0.9193,0.0959,-0.2481,-0.0738,0.4488,-0.1235,0.414,0
-0.1926,-0.586,-0.5115,-0.2609,-0.615,-0.3646,0.416,0
-1.1158,-0.6206,0.3659,-0.4673,-0.0222,0.6307,0.419,0
0.7315,-0.2274,-0.0867,0.5981,0.1452,-0.3352,0.692,1
0.835,0.986,0.0201,0.7321,-0.3049,0.1006,0.514,1
-0.8295,0.0953,0.6536,0.5924,-0.9237,-0.1951,0.456,0
-0.2867,0.0936,-0.0683,0.2462,0.0395,0.0145,0.441,0
-0.8276,-0.0702,0.009,0.1449,-0.3151,0.183,0.373,0
-0.0366,0.7089,-0.3598,-0.608,-0.3135,-0.5481,0.452,0
0.933,0.4635,0.2584,-0.1229,-0.1419,-0.0026,0.622,1
0.6494,0.4091,0.2099,-0.3419,-0.0535,0.4763,0.55,1
-0.3016,-1.0255,0.5405,-0.9128,-0.0036,0.7046,0.35,0
-0.851,-0.7125,-0.3475,0.5285,-0.3536,-0.052,0.495,0
-1.4214,-0.9004,-0.2747,-0.3479,-0.0881,0.0167,0.41,0
0.1971,0.6627,0.4753,0.598,-0.703,0.8845,0.587,1
-0.5711,-1.5763,0.1513,0.4409,0.1244,0.454,0.47,0
0.9715,-0.6242,-0.5437,0.2784,-1.1425,-0.2469,0.544,1
1.1082,-0.0625,0.7839,0.3064,-0.1158,-0.2476,0.62,1
-0.7722,-0.7156,-1.0191,-0.3077,0.3677,0.3826,0.425,0
1.1823,0.4983,0.4706,0.9289,-0.4237,-0.4044,0.623,1
0.7773,0.4275,-0.7591,0.0216,0.2866,0.4351,0.574,1
0.4438,0.4392,1.1315,0.151,0.4623,0.1337,0.61,1
-0.8298,-0.7166,-0.9268,-0.3245,-1.3232,0.2071,0.406,0
-0.7343,0.233,0.6914,-0.4656,-0.0605,-0.1027,0.424,0
1.0621,0.9671,-0.049,0.2386,-1.1503,-0.2519,0.539,1
0.9028,0.7167,-0.22,0.1088,-0.0473,0.5848,0.685,1
0.2705,0.3401,0.1112,-0.3947,-0.0029,-0.0987,0.582,1
0.6256,1.3005,0.3791,-0.7192,-0.993,-0.1644,0.511,1
1.151,1.2782,-0.5426,-0.635,0.7699,-0.0321,0.648,1
0.9407,0.9664,-0.4895,0.5981,0.1144,0.0772,0.586,1
-0.9946,-0.2611,0.3898,-0.3066,-0.3396,-0.4123,0.516,0
0.9532,1.2895,-1.0244,-0.1695,0.5862,-0.2259,0.641,1
1.4506,0.8974,-0.3505,0.7252,-0.7182,-0.2472,0.597,1
0.8944,1.5032,1.8244,-0.5611,-0.4917,0.3381,0.55,1
0.6456,1.1187,-0.5808,-0.3635,-0.9198,-0.3544,0.629,1
-0.8244,-1.025,0.6887,-0.3844,0.7204,-0.7023,0.43,0
0.8998,0.9393,-0.3516,0.809,0.1329,-0.7868,0.614,1
-0.1763,1.1743,0.3054,0.9967,0.2638,-0.5882,0.472,1
-0.438,-0.6317,0.3926,0.3758,0.1204,0.5446,0.495,0
-0.9382,-0.9876,0.6774,0.3917,0.2295,0.0065,0.454,0
-1.2441,-0.1983,-0.1202,-0.2902,0.0312,0.2005,0.487,0
-0.2987,-1.0054,1.1933,0.9737,0.1084,0.2146,0.401,0
-1.0328,-0.1217,-0.3536,0.1338,0.043,0.0225,0.423,0
-0.7355,0.8185,0.1405,0.4266,-0.2434,-0.0299,0.411,0
0.8407,-0.1233,0.1472,-0.0528,-0.0186,0.4178,0.53,1
0.9225,-0.3155,-0.6732,-0.134,0.1094,0.0584,0.661,1
0.8371,0.1294,-0.1715,0.8315,0.0442,0.5596,0.68,1
1.2971,0.9039,0.0969,0.2699,-0.5911,0.2483,0.6,1
-0.1402,0.0214,-0.2593,0.7257,-0.538,-0.2471,0.442,0
-1.2297,0.0603,1.4646,0.1277,0.4331,-0.1989,0.467,0
1.4521,1.0287,-0.5032,-0.4242,-0.1228,-0.291,0.54,1
-0.3676,0.1446,0.7077,-0.2917,0.2339,0.487,0.525,0
0.5643,-0.371,0.5139,0.0515,-0.4368,-0.162,0.602,1
0.2986,0.2724,-0.0083,-0.3133,-0.5893,-0.3194,0.56,1
0.9584,0.3706,-0.5191,-0.5537,-0.3374,0.1279,0.607,1
0.7531,0.2515,-0.461,0.6007,-0.089,-0.0389,0.595,1
-0.0991,-0.5031,-0.3108,-0.2724,-0.2661,0.1178,0.437,0
-0.1454,-0.7735,-1.0714,0.0691,0.5176,0.7559,0.48,0
0.465,0.9265,-0.6021,0.1481,0.0718,0.3652,0.623,1
-0.7806,-0.8906,-0.8895,-0.2941,0.7396,0.0108,0.452,0
1.1701,-0.4519,0.8075,0.7254,0.1618,-0.5634,0.638,1
-0.615,0.119,0.3711,-0.5586,-0.965,-0.2,0.436,0
1.0705,0.5219,0.4716,0.1308,0.4224,0.2844,0.603,1
0.7849,1.1114,0.3533,0.1231,-0.6038,-0.4684,0.521,1
0.8935,0.2161,0.1002,-0.0271,0.0922,0.8564,0.524,1
-0.0925,-1.2395,0.8764,-0.6485,-0.3099,0.0058,0.443,0
-0.5239,-0.4639,-0.3665,0.4354,0.8571,0.0195,0.473,0
0.7323,0.522,0.064,0.3718,0.5758,-0.2667,0.553,1
-0.2571,-0.292,0.4482,-0.3378,-0.2967,0.1987,0.37,0
-0.1459,0.1696,-0.7927,0.3537,-0.0509,-0.4632,0.622,1
1.6208,0.2124,1.858,0.1875,0.0978,0.866,0.564,1
0.1176,0.494,0.0171,-0.6403,0.3454,0.5269,0.501,1
0.5492,0.1799,0.0852,-0.427,0.0117,0.3937,0.637,1
-0.4004,-0.5038,0.7541,0.5691,-0.41,-0.5562,0.486,0
0.7414,0.1434,0.549,0.1547,-0.287,0.0822,0.577,1
1.2026,0.6132,0.0228,-0.2822,-0.0018,0.4836,0.602,1
-0.7997,-0.6233,0.0781,-0.4292,0.4938,0.2372,0.388,0
0.9043,0.6075,-0.9025,-0.2577,0.1711,-0.4008,0.635,1
-0.7801,-0.2905,-0.3339,-0.2222,-0.3094,-0.26,0.441,0
-0.4373,-0.5606,0.3103,-0.423,0.2593,-0.1808,0.463,0
-0.1938,0.0092,0.2663,-0.8709,-0.1548,-0.2414,0.416,0
0.8372,0.601,0.7327,0.57,0.3562,0.6115,0.59,1
-0.1892,0.0191,-0.0723,0.4853,1.0108,-0.7684,0.395,0
0.596,1.3527,-0.8324,-0.6366,-0.1435,0.2624,0.628,1
0.9149,0.0046,0.634,0.0682,0.3206,-0.5169,0.592,1
-0.804,-0.0357,0.8617,-0.4511,-0.2982,-0.3845,0.35,0
-0.5271,-0.0267,0.5389,-0.1308,-0.0449,-0.8039,0.432,0
0.4525,0.686,-0.0982,-0.1724,0.0118,-0.2196,0.566,1
-1.0908,0.1831,0.6266,-0.2139,-0.0775,0.6043,0.44,0
0.787,0.3608,2.0573,1.0015,0.9852,0.1059,0.586,1
-0.526,-0.8638,0.0691,-0.2202,-0.1226,-0.4793,0.438,0
0.3606,0.9243,-0.787,-0.4041,0.2347,0.4069,0.438,0
0.0882,0.2236,-0.3518,-0.3813,-0.772,0.4925,0.482,1
0.2161,0.1746,0.3753,0.5219,0.1728,0.0416,0.466,0
0.2018,-0.0844,-0.9629,-0.8261,0.4568,0.8139,0.398,0
-0.6389,-0.8871,0.1016,-0.3813,-0.211,0.3286,0.508,0
-0.7193,-0.3622,0.2282,0.7234,-1.0041,0.2731,0.45,0
1.0964,0.3746,0.9211,0.122,-0.0155,-0.3214,0.535,1
0.6847,1.3227,0.7861,0.096,0.0069,0.251,0.509,1
-1.1627,-0.6567,0.5188,1.0661,0.2896,0.0867,0.491,0
0.8631,0.1554,-1.2976,0.1232,0.8044,0.2079,0.623,1
0.878,0.1575,0.5526,-0.3541,-0.152,-0.2738,0.495,1
-0.8444,0.5674,0.4233,-0.141,-0.3425,0.0512,0.403,0
-0.6963,-0.8352,0.1536,-0.5677,-0.4668,-0.3267,0.4,0
0.4817,-0.1398,-1.0381,0.628,0.0792,-0.8589,0.628,1
1.3598,-0.0621,-0.4661,0.2873,0.1917,0.3993,0.641,1
0.7054,0.0853,-0.7001,0.5622,-0.2183,-0.601,0.69,1
0.2754,0.7958,-1.209,0.6065,0.3115,0.0429,0.562,1
-0.6867,0.5356,-0.0017,-0.2071,0.1862,0.1332,0.468,0
0.4595,0.3964,-0.4787,-0.4724,0.0173,0.1306,0.559,1
1.0661,1.135,1.5752,-0.0259,-0.361,-0.1132,0.58,1
1.6838,1.1475,-0.1013,-0.4364,-0.1927,0.1085,0.657,1
-0.474,0.2088,0.7763,0.0825,-0.9719,0.1884,0.363,0
-0.514,-0.5315,-0.9415,0.566,0.0943,0.294,0.381,0
-0.1506,0.2377,-0.3181,-0.0841,0.0105,0.6934,0.453,0
0.9816,0.8464,0.0581,0.075,0.0754,0.0937,0.631,1
-0.5229,0.2413,-0.5449,-0.0469,0.2017,0.0256,0.482,0
0.0074,-0.6301,-0.2533,0.4014,0.1543,-0.3627,0.479,0
-0.4319,-0.3842,-0.1308,-0.3339,-0.0442,0.1744,0.469,0
-0.078,-0.1803,-0.1403,-1.0982,0.0195,0.267,0.513,0
1.2029,0.66,1.1131,0.2354,-0.5617,-0.0769,0.584,1
0.8094,-0.1577,0.2269,0.4939,-0.2335,0.2178,0.631,1
0.4542,0.9974,0.2877,0.2232,0.0202,-0.117,0.712,1
-0.5459,-0.158,0.3238,-0.3201,-0.2943,0.2684,0.538,0
0.4998,0.4252,0.3676,-0.5675,0.3441,0.365,0.582,1
-0.4875,-0.9634,-0.0497,0.2472,-0.2635,0.3595,0.44,0
-0.738,-0.602,-0.1924,0.0707,0.0865,0.0471,0.455,0
-0.5092,-0.1904,0.1001,-0.0629,0.0466,-0.416,0.494,0
-0.8368,0.0367,0.6941,0.9112,0.2985,-0.2448,0.434,0
-0.0903,-0.2191,0.6757,-0.4734,0.3603,0.2381,0.414,0
1.0415,0.5888,-0.1442,0.8875,0.2776,0.9795,0.538,1
1.3606,0.1027,0.4607,0.0159,-0.8424,-0.1363,0.635,1
0.3165,0.1443,-0.1168,-0.9178,0.4777,0.1823,0.623,1
-0.4925,0.4414,0.0203,-0.0896,0.6109,-0.2224,0.407,0
-0.5252,0.0524,-0.2841,0.4797,-0.1928,-0.3896,0.371,0
-0.4446,0.1048,-0.109,-0.1825,0.0947,-0.2705,0.449,0
0.5366,0.8444,0.8048,-0.7374,-0.3563,-0.833,0.589,1
0.5622,0.8049,0.0555,-0.0823,-0.7794,0.5414,0.603,1
0.9913,1.2095,0.0812,-0.4286,-0.2955,-0.8921,0.665,1
-0.0061,-0.0726,-0.8683,0.2459,-0.2161,-0.1055,0.412,0
0.861,0.8336,-0.1855,0.3867,-0.1419,-0.4713,0.516,1
0.0358,-0.0801,-0.1448,-0.5281,-0.3836,-0.3538,0.437,0
1.6857,-0.1694,-0.4975,-0.3529,-0.2934,0.5506,0.513,1
0.2609,0.0572,0.013,0.3783,-0.0044,0.0804,0.647,1
0.6713,0.0746,-0.2575,-0.4294,-0.3081,-0.3862,0.657,1
0.787,0.1356,0.048,-0.5411,0.2174,-0.2358,0.596,1
-0.2049,-0.7036,0.0729,-0.5893,0.2727,-0.3062,0.519,0
0.2701,0.6213,-0.5735,0.176,0.9522,-0.0174,0.587,1
1.5935,0.9328,-0.2392,0.1546,0.4503,0.0692,0.575,1
-0.2032,0.4791,0.0464,-0.342,0.0972,0.7582,0.398,0
-1.3532,0.0952,0.7106,0.0025,-0.2481,-0.7665,0.483,0
-1.2094,-0.0397,0.154,0.7636,0.1175,-0.0139,0.482,0
-0.6073,0.318,-0.3972,-0.487,0.1306,-0.1262,0.475,0
-0.4827,-1.31,0.2394,-0.9759,-0.2053,0.3786,0.439,0
1.3067,0.5414,1.0245,0.2275,0.3135,0.1419,0.617,1
-0.7207,-0.9553,0.55,-0.0552,-0.5592,0.2361,0.414,0
0.4121,-0.3036,0.3285,-0.355,-0.0978,0.138,0.415,0
0.5779,0.7623,0.4354,0.326,0.2223,-0.3728,0.536,1
0.405,0.332,0.864,0.4196,-0.115,0.4845,0.584,1
1.0965,0.6344,0.6454,-1.1041,-0.0827,0.3194,0.617,1
-0.5504,0.3726,0.3401,-0.3263,-0.0551,0.3662,0.407,0
1.2836,0.1561,0.6412,1.1588,-0.3342,0.5056,0.584,1
0.088,0.1615,-0.649,0.2917,0.4696,0.1671,0.592,1
-1.1957,-0.2189,-0.9014,0.3381,-0.4072,0.5924,0.485,0
-0.6984,-1.1176,0.0943,0.5864,0.1273,0.1511,0.414,0
0.6193,0.2332,0.0412,0.0085,0.1655,-0.0876,0.592,1
1.5581,-0.2572,-0.3263,0.3983,-0.3794,-0.0026,0.523,1
0.6947,0.7744,0.4955,0.359,0.0292,-0.0095,0.597,1
0.251,0.4587,-1.1177,0.2695,-0.3639,-0.2078,0.535,1
0.6777,-0.3526,-0.3209,-0.161,0.5564,0.6528,0.633,1
1.2193,0.0826,-0.291,0.086,-0.4555,0.1185,0.697,1
-0.2029,0.7089,-0.9818,-0.2942,-0.2616,0.0379,0.497,0
-1.138,-0.2444,0.8968,0.0064,-0.4897,0.1553,0.398,0
-1.03,-0.4637,-0.8155,-0.5842,-0.5431,1.1919,0.401,0
0.8012,0.4627,-0.353,-0.3953,0.6365,-0.4527,0.632,1
1.0338,0.6718,0.5448,-0.1412,0.2171,-0.338,0.517,1
0.8951,-0.2182,0.3876,-0.4719,0.0561,-0.5522,0.604,1
-0.7324,-0.0487,-0.6649,-0.2525,-0.2626,-0.093,0.362,0
0.6271,0.0999,0.4095,-0.082,0.363,0.0982,0.57,1
-0.6265,0.0597,0.1739,0.2011,-0.3297,-0.1861,0.502,0
-0.4964,-0.2152,1.3998,0.4746,0.3175,-0.2159,0.403,0
1.3154,0.2365,0.2424,-0.2319,-0.349,0.057,0.538,1
0.5463,-0.0118,-0.0847,0.6676,-0.2578,-0.2008,0.608,1
1.2515,0.3572,-0.5139,0.4693,0.3033,0.1241,0.563,1
-0.7298,0.1727,-0.4465,0.252,0.3455,0.4457,0.465,0
-0.5049,-0.3397,-0.4955,0.0768,0.239,0.2708,0.435,0
-0.5588,-0.1575,0.8227,0.1596,-0.4199,0.3524,0.422,0
-0.5904,-0.4532,0.0108,0.5935,-0.1787,0.4344,0.45,0
0.1021,0.5177,0.3391,0.6118,0.0628,0.1131,0.657,1
0.3779,-0.0434,0.9085,0.6675,-0.3397,-0.0635,0.541,1
0.6704,0.1144,-1.4151,0.0207,0.5484,-0.3089,0.639,1
-1.15,0.093,0.7673,0.2775,-0.9608,-0.1565,0.456,0
1.2042,-0.0228,0.0332,0.6718,-0.3115,-0.2095,0.539,1
-0.4449,-0.5619,0.261,-0.3119,-0.2038,0.2927,0.421,0
0.4472,0.2965,-0.497,-0.1592,-1.1376,0.1387,0.595,1
-0.1374,-0.1434,-0.4531,0.008,-0.5585,0.2787,0.469,0
-0.0922,-0.8215,0.2933,0.4498,0.2501,-0.4641,0.535,0
1.3533,0.5513,1.4308,0.4576,0.0121,0.5727,0.582,1
1.3065,0.6239,0.602,-0.1154,0.6293,-0.1708,0.54,1
-0.6574,-0.083,0.7593,-0.7543,0.6181,-0.44,0.452,0
-0.4326,-0.3214,-0.1152,0.1231,0.1732,-0.1757,0.439,0
1.479,0.3008,-0.3601,-0.4592,0.1253,0.9935,0.551,1
-0.2308,-0.7558,-0.4685,-0.745,0.0264,-0.1551,0.441,0
-0.4376,0.195,-0.293,-0.6319,-1.062,-0.13,0.488,0
-0.9257,-0.8781,-1.2317,0.1632,-0.5578,-0.0768,0.416,0
-1.0661,-0.8544,-0.435,0.6805,0.0403,-0.0594,0.456,0
0.5265,0.844,-0.3362,0.0194,0.2464,-0.3126,0.579,1
0.7963,0.3264,-0.1052,0.1057,0.1159,0.0573,0.614,1
0.8243,0.9589,0.0791,0.5914,-0.357,0.4302,0.61,1
1.5705,1.1051,0.2175,-0.7722,0.375,0.1257,0.569,1
-0.6472,0.2367,-0.009,0.2601,0.593,-0.4445,0.407,0
-1.0628,0.1073,-0.3489,-0.0058,0.3752,-0.1377,0.388,0
-0.8728,-0.4556,-1.178,0.283,0.3958,-0.2206,0.404,0
-0.1391,-0.8455,-0.3452,-0.2417,-0.2237,0.0212,0.497,0
-0.7939,-1.4038,-0.5835,-0.409,0.4304,0.5322,0.403,0
0.5031,1.013,0.2796,0.0703,0.0583,-0.0596,0.536,1
1.0108,0.9219,0.5456,0.8246,0.2046,-0.0353,0.541,1
-0.4654,-0.8621,0.5631,0.4305,0.1462,0.7111,0.487,0
1.1772,0.1647,0.4542,-0.2538,-0.0486,0.3505,0.616,1
0.8725,0.4243,-0.0801,-0.6705,-0.344,0.2296,0.602,1
0.659,-0.5768,-0.3132,-0.841,-0.0329,0.7833,0.572,1
1.6593,0.6122,-0.4483,0.658,0.3947,0.1959,0.534,1
0.7624,0.6748,-0.9045,-0.4775,-0.1766,-0.7946,0.585,1
1.2652,0.5667,0.5951,-0.1628,0.3573,0.3331,0.502,1
0.6395,-0.9867,-0.1048,0.6606,0.2948,-0.6368,0.587,1
1.0838,-0.1328,-0.7478,-0.807,-0.1196,0.1808,0.624,1
-0.5207,-0.1823,-0.4959,0.7461,0.5555,-0.6855,0.482,0
-0.4699,-0.2717,-0.5202,-0.1268,-0.1422,-0.1867,0.418,0
-0.1418,0.6447,0.0258,-0.5743,0.6038,-0.1455,0.659,1
-0.7207,0.0312,0.6405,-0.1237,0.1737,-0.308,0.471,0
-0.2268,-0.6452,-0.2088,-0.3613,-0.0063,-0.1395,0.509,0
1.011,-0.0131,-1.3515,0.2204,-0.3551,0.413,0.572,1
-0.3187,-0.3379,-0.1135,-0.3241,-0.0353,-0.2856,0.389,0
0.1111,0.7374,-0.0937,-0.9558,-0.0815,0.2181,0.602,1
0.5118,0.6888,-0.135,-0.1103,-0.5033,-0.3863,0.536,1
0.9645,0.409,-0.3765,-0.6783,-0.087,-0.0758,0.587,1
-1.1699,-1.318,0.1305,0.1022,-0.3215,0.1295,0.424,0
-0.685,-0.5714,0.0397,-0.5936,0.2344,-0.3986,0.364,0
0.7421,0.0158,-0.0149,-0.244,0.5225,-0.5247,0.597,1
0.9623,0.6242,0.2476,0.0913,-0.4908,0.1968,0.567,1
0.8065,0.8762,-0.2579,-0.1062,0.6849,0.4492,0.572,1
-0.5337,-0.7358,-0.292,0.1252,-0.0514,-0.0316,0.464,0
-0.2652,-1.0604,0.8281,0.3401,-0.39,-0.1829,0.463,0
0.9724,0.691,0.3356,-0.579,0.3031,0.0623,0.624,1
-0.7831,-0.2997,0.4962,-0.0322,-0.1786,0.0222,0.477,0
0.5527,0.6498,0.7357,-1.6648,-0.0327,0.0972,0.565,1
-1.0439,-0.3523,0.3156,0.1237,-0.1617,-1.0113,0.427,0
-0.4707,-0.9971,0.557,-0.1504,-0.3267,-0.4276,0.408,0
-1.219,-0.0432,-0.9476,-0.4917,0.2896,-0.3381,0.43,0
-0.5184,0.6611,0.1225,0.1579,-0.1145,0.0603,0.453,0
1.5456,1.3326,-0.1096,0.5863,-0.5747,0.0744,0.601,1
-0.0566,0.4106,1.0066,-0.238,0.2204,0.2545,0.638,1
-1.226,-1.014,0.5566,-0.4724,-0.4822,0.103,0.458,0
0.7162,0.9025,-0.3783,0.0825,-0.4613,-0.5203,0.644,1
-0.2709,-0.0735,0.2237,-0.6678,0.477,0.5788,0.491,0
0.1454,0.8894,0.1006,-0.3302,-0.4785,0.5088,0.526,1
-0.5279,-0.1696,0.2726,0.6112,-0.9266,-0.5033,0.388,0
0.8543,0.2887,-0.6113,0.0311,0.2491,0.1331,0.628,1
0.7616,-0.1562,0.216,-0.9397,-0.1215,-0.2382,0.444,1
0.7208,0.6207,-0.1369,-0.8985,-0.0871,0.0555,0.573,1
0.6255,0.6626,0.1695,0.081,-0.1258,0.4213,0.508,1
1.2192,1.0896,-0.4346,0.4312,0.0927,0.852,0.556,1
0.3726,0.8956,-0.351,-0.8088,-0.3011,0.3005,0.565,1
0.9382,0.3576,0.7043,0.2249,0.5904,0.118,0.562,1
0.6463,-0.0891,-0.6309,0.6652,-0.5905,-0.1359,0.552,1
0.4951,0.7164,-0.5867,0.9439,0.1779,0.0729,0.525,1
0.3223,-0.9549,-0.0309,0.1656,0.2568,0.5439,0.436,0
0.9676,0.8776,-0.4631,0.2534,-0.3039,-0.0179,0.673,1
-0.271,0.4406,-0.531,-1.0666,-0.4095,-0.3544,0.409,0
1.2551,0.3941,0.063,1.0499,0.4069,-0.6479,0.659,1
-0.5371,0.1165,-0.903,-0.2877,-0.3963,0.2052,0.425,0
1.5009,0.1315,-0.6048,-0.4667,-0.2427,0.0989,0.586,1
-1.4289,0.3492,1.2325,-0.1276,0.3549,-0.2584,0.365,0
-0.682,-0.8437,0.2757,0.7558,0.0139,0.4104,0.487,0
-0.8253,-0.993,-0.4479,1.104,-0.7189,-0.1687,0.482,0
1.0327,0.4354,0.2509,0.0627,0.6988,-0.0539,0.586,1
-0.4459,-1.3806,0.3404,0.499,-0.212,-0.0067,0.431,0
-0.1517,0.3153,0.5966,0.0216,-0.1611,-0.1404,0.456,0
0.7952,0.9708,-0.0763,-0.5189,0.1023,0.0943,0.535,1
0.4088,0.5383,0.5859,0.7384,0.25,0.4606,0.498,1
-0.5543,-0.4854,-1.2231,-0.3111,0.7844,-0.457,0.471,0
-0.5993,-0.3362,-0.6338,0.7678,-0.664,0.1954,0.404,0
-1.0357,-0.274,0.0983,0.6493,0.3304,0.0689,0.439,0
1.4338,1.154,0.1978,0.307,0.2972,0.0615,0.649,1
-0.4819,-0.0209,-0.5471,0.9145,-0.0549,0.3487,0.423,0
-0.442,-0.3863,0.1557,1.1162,0.3149,0.0197,0.44,0
-0.9226,0.1716,-0.3743,-0.0876,0.3737,0.1921,0.395,0
-0.7837,-0.077,-0.1662,-0.4044,-0.5528,0.2863,0.481,0
1.2088,0.5622,0.6149,-0.9321,0.6999,-0.2017,0.606,1
-1.2136,0.3676,0.5454,1.1223,-0.6235,0.1197,0.462,0
-1.2752,-0.9791,-0.5982,-0.2198,-0.4541,-0.1003,0.427,0
-0.8403,-0.3461,-0.6344,0.5675,-0.1047,-0.0531,0.393,0
-0.391,0.1835,-0.2467,-0.3706,0.77,-0.1288,0.448,0
-0.8613,-0.6615,-0.016,0.7691,-0.1233,0.1884,0.378,0
0.2689,0.1984,-0.3947,-0.3501,-0.0128,0.0327,0.595,1
0.6846,0.7868,0.6244,-0.5959,0.5728,0.1578,0.562,1
1.4062,-0.3338,0.2084,-0.1043,-0.1201,-0.007,0.571,1
1.2586,0.9953,0.2437,-0.2659,-0.4714,-0.6416,0.456,1
0.3551,0.0609,-0.7599,0.2981,-0.1669,0.0125,0.569,1
-0.1782,-0.5759,0.7004,-0.0257,0.5483,0.0254,0.452,0
1.3099,0.4431,-1.6921,0.3139,0.0283,0.097,0.548,1
0.3457,0.7165,0.5004,-0.1455,0.7723,-0.2375,0.583,1
1.0037,0.582,0.5606,-0.3326,0.2952,-0.4782,0.542,1
0.5536,0.1287,-0.2594,-0.2918,-0.2579,0.2498,0.598,1
-1.0427,-0.8433,0.7637,1.0225,0.0204,-0.1094,0.511,0
0.4918,-0.0665,-0.0379,0.1126,-0.3413,0.0685,0.533,1
1.2573,0.3877,0.0375,-0.9919,-0.2674,-0.1126,0.647,1
0.8739,1.0375,0.2037,-0.2601,1.7916,-0.0024,0.626,1
-0.7724,0.4811,1.9119,0.0484,0.4074,-0.1797,0.369,0
-0.6954,1.1726,0.8067,0.9227,0.3444,-0.3872,0.5,0
-0.4926,-0.1747,0.4207,0.5143,-0.2493,0.1895,0.471,0
0.7118,0.206,-0.5477,-0.4609,0.6278,-0.2412,0.612,1
-0.9313,-0.0736,0.0862,1.2092,0.4398,0.0656,0.489,0
-0.3257,-0.4331,-0.4879,-0.0156,0.7526,0.1642,0.43,0
0.3645,1.2222,0.4933,0.6232,0.7332,-0.2347,0.552,1
-0.6625,-0.9486,0.0843,-0.5775,-0.5916,-0.4816,0.459,0
1.0251,0.6936,-0.6747,-1.1991,-0.4439,0.9704,0.712,1
-0.8567,0.128,0.0487,-0.7042,-0.4015,-0.2111,0.481,0
1.1121,0.9132,-0.5097,-1.6252,-0.3776,0.2494,0.561,1
0.3303,0.1275,0.0907,1.056,0.1294,0.7758,0.47,1
0.6576,0.0802,-0.5154,0.1073,-0.2267,0.316,0.649,1
1.4592,0.162,0.0165,-0.4623,0.829,-0.1202,0.513,1
-0.3777,-0.9361,0.4503,0.2263,0.7619,-0.0268,0.415,0
0.2216,0.0565,-0.0318,0.0947,-0.0026,-0.333,0.386,0
-0.3578,-1.2737,-0.2345,0.3105,0.7821,0.3527,0.416,0
0.2403,0.1887,0.122,0.6048,0.5953,0.2265,0.619,1
1.1186,-0.3945,0.4183,-0.145,-0.1803,-0.2058,0.572,1
-1.0293,-0.5758,-0.6643,-0.4399,-0.8037,-0.4169,0.394,0
0.6701,1.1355,0.1564,0.4139,-0.0872,-0.5285,0.55,1
-0.6119,-0.2269,0.7905,0.4012,-0.2578,0.3946,0.406,0
0.4072,0.351,0.3442,0.0504,0.0826,0.0481,0.584,1
0.5253,0.7266,0.0347,1.0888,0.0357,0.086,0.628,1
-0.4481,-0.7427,0.3838,-0.2189,0.0252,-0.3292,0.423,0
-0.7246,-0.6863,0.2715,-0.4499,0.2095,-0.5854,0.465,0
-0.5766,-1.3105,0.4522,0.209,-0.485,0.385,0.478,0
1.4279,-0.3094,-1.2144,-0.3375,0.1645,0.0168,0.617,1
0.773,-0.0576,-0.9321,0.2478,-0.1758,0.3629,0.575,1
-0.0437,-0.8942,0.6029,-0.4165,0.08,-0.1544,0.491,0
-0.4725,-0.2031,-0.9032,-0.2001,0.383,-0.0947,0.436,0
-0.6084,0.2135,0.2409,0.9454,-0.4898,0.2853,0.509,0
0.883,0.2235,-0.2112,-0.2028,-0.1125,0.2929,0.626,1
0.9783,-0.0291,-0.5977,-0.3994,-0.0474,0.319,0.571,1
-1.0438,-0.1633,0.2098,0.5853,-0.2057,-0.1181,0.517,0
0.1581,1.2812,0.1206,-0.5255,0.3599,0.2458,0.583,1
0.3504,0.9445,1.2662,-0.3465,-0.2882,0.4436,0.586,1
-0.697,-0.5354,-0.3749,0.2883,-0.2222,-0.0419,0.452,0
-1.0797,0.0281,0.8641,0.4692,-0.284,-0.2054,0.418,0
1.1325,0.285,0.2115,0.6102,0.4368,0.5371,0.631,1
1.1486,1.1617,-0.3966,-0.3736,-0.197,-0.2618,0.55,1
-1.0378,0.0034,0.4795,0.298,0.184,0.2518,0.415,0
-0.6561,-0.1771,0.3394,-0.2331,0.7903,-0.0234,0.489,0
-0.7342,-1.0088,0.0215,-0.3028,-0.0299,-0.7366,0.458,0
1.6149,-0.9735,0.1598,0.6016,0.4448,0.4514,0.652,1
-1.0477,-0.6063,-0.3582,-0.2748,0.6685,-1.1031,0.472,0
-0.0992,-0.5309,-0.4955,0.1391,0.4109,-0.7937,0.429,0
0.8807,0.6649,0.4557,0.0778,-0.0067,0.2109,0.653,1
1.0121,0.4691,-0.1344,-0.5354,0.2568,0.2108,0.605,1
-0.6866,0.501,-0.048,0.483,-0.515,-0.255,0.44,0
-0.6546,0.189,0.1679,0.2801,-0.312,0.0591,0.398,0
1.1623,0.8083,0.1592,-0.9931,-0.2419,-1.0126,0.614,1
-0.7774,-0.4723,-0.8576,0.1387,0.8962,0.2828,0.419,0
-0.7081,-0.6181,0.7718,-0.3865,-0.325,0.0999,0.525,0
0.7585,0.7808,0.0727,0.5485,-0.331,-0.0183,0.563,1
-0.2214,0.022,-0.1216,-0.7227,-0.4176,0.0083,0.433,0
1.4368,0.6854,0.2585,-0.1782,0.2239,0.1973,0.569,1
0.5649,0.0043,0.1419,0.181,0.057,-0.0116,0.508,1
-1.0469,0.3476,0.4602,0.0272,0.4347,-0.7496,0.47,0
-0.6166,-0.0975,0.3228,0.3815,0.2685,0.8785,0.444,0
1.4977,0.8393,0.4307,-0.7592,-0.5522,0.4803,0.483,1
1.0654,-0.4374,0.8106,0.826,-0.3229,-0.514,0.629,1
0.8819,0.761,0.5302,0.2626,0.5461,-0.1381,0.539,1
0.9637,0.2284,-0.0963,0.6799,-0.0813,-0.0944,0.623,1
-0.1753,-0.0242,-0.6737,0.4371,0.475,0.4315,0.408,0
0.4503,-0.1698,1.0007,-0.0058,-0.0599,-0.8637,0.581,1
-0.5127,0.5175,-0.1426,-0.6421,-0.3871,-0.1996,0.51,0
-0.2128,-0.0795,-0.2839,-0.2818,-0.1213,-0.7043,0.536,0
-0.8871,-0.7193,-1.042,0.7948,-0.3872,-0.114,0.449,0
-0.2817,-0.955,0.2031,0.6927,-0.2262,-0.189,0.421,0
1.2431,0.4418,0.0893,-0.3098,0.0804,0.0319,0.635,1
-0.484,0.0766,-0.9091,-1.4092,0.2046,-0.2419,0.459,0
-0.0736,0.6133,0.272,-0.1063,-0.6361,-0.3004,0.511,0
-0.8155,-0.0913,-0.2989,-0.1439,-0.0069,0.2479,0.43,0
1.0093,1.0465,1.6142,-0.1249,-0.2346,0.1819,0.628,1
0.4798,0.9852,-0.3416,0.2643,-0.2594,0.2206,0.575,1
-1.0118,0.0114,-0.2611,0.4381,0.0531,-0.0708,0.479,0
-0.5092,0.1117,-0.5249,0.4951,-0.2202,-0.2287,0.377,0
-1.2876,-1.2898,0.7667,0.2229,0.5529,-0.0475,0.447,0
0.9281,0.6571,-0.2237,-0.9004,0.4752,0.2005,0.645,1
0.7447,1.0304,-0.4349,-0.1706,0.4727,-0.8707,0.555,1
0.649,0.9498,0.4242,1.152,-0.198,0.1576,0.509,1
2.0631,-0.0091,-0.8282,0.1871,-0.385,0.1237,0.554,1
-0.6938,-1.5151,0.3751,0.1839,0.0328,0.0249,0.424,0
0.9653,0.1494,1.0688,0.1797,-0.0601,-0.0597,0.65,1
0.7067,0.9881,0.34,0.2077,-0.2435,-1.0264,0.586,1
-0.8822,-0.742,0.3827,-1.1916,-0.4703,-0.1759,0.49,0
-0.9384,-0.2285,0.522,-0.1198,-0.0166,0.7158,0.465,0
0.9171,0.6813,1.0258,-0.0189,-0.1616,0.0052,0.558,1
0.0478,1.0813,0.7259,0.6407,0.2753,-0.1229,0.566,1
-0.576,-1.478,0.2638,0.0238,0.266,0.0068,0.419,0
0.5452,-0.1716,0.5423,-0.8233,0.4403,0.1419,0.584,1
0.8829,0.0203,-0.5316,0.215,-0.5037,0.2635,0.615,1
-0.2567,-0.0139,0.4658,-0.4019,0.1604,-0.0916,0.355,0
-1.1052,-0.0554,-0.6033,-0.6084,-0.291,0.17,0.411,0
-1.3645,-0.0641,-0.2202,-0.4171,-0.4882,0.6707,0.428,0
0.4995,-0.0827,-1.8495,0.2713,-0.1714,0.4025,0.534,1
0.1206,-0.4638,0.2409,0.6294,0.4275,0.9361,0.438,0
0.2089,-0.6642,-0.3863,0.2415,-0.1489,-0.2627,0.472,0
1.1539,1.1731,0.6667,0.316,0.6262,0.6705,0.572,1
1.6205,1.0926,0.2341,0.2365,0.2196,-0.3163,0.582,1
-1.3128,0.125,0.6745,0.0507,-0.1576,0.1414,0.459,0
-1.5372,-0.1961,-0.6502,0.3485,0.464,0.293,0.44,0
-0.8456,-0.3225,0.623,-1.2094,0.1782,-0.2043,0.401,0
0.0182,-0.1387,1.2635,0.0555,-0.373,0.0352,0.522,1
0.6758,0.9555,0.4585,-0.5225,0.7435,0.3642,0.544,1
-0.2529,-0.6238,0.4742,0.5815,0.1038,-0.2841,0.454,0
1.0162,0.2953,0.1018,-0.0736,0.0075,0.6678,0.528,1
1.0476,-0.1119,-0.3148,0.0155,-0.3422,-0.5538,0.512,1
0.6498,-0.7388,0.4567,-0.7525,0.4718,0.7759,0.617,1
0.5376,-0.0193,-0.9036,0.5084,0.2069,0.4005,0.476,1
-0.3212,-0.0164,-0.2507,0.3137,0.2517,-0.0359,0.451,0
-0.4432,-0.5481,-1.0626,0.2785,-0.203,-0.1611,0.493,0
0.9176,0.4153,-0.4222,-0.4065,0.3336,-0.2028,0.503,1
0.8653,0.8278,0.3852,-0.3868,0.3647,-0.0543,0.481,1
1.3847,1.4028,0.3032,0.1118,-0.2675,-0.0194,0.505,1
-1.0283,0.4701,0.0305,-0.3472,-0.5668,0.5021,0.379,0
0.2819,0.0138,0.1022,0.2174,0.2325,0.7875,0.636,1
0.325,-0.4713,-1.1315,-1.0805,-0.6293,0.0798,0.554,1
-0.6938,-0.5464,-0.2235,-0.2438,0.0608,-0.3383,0.475,0
0.0357,0.075,-0.4088,0.8984,-0.1789,-0.2183,0.455,0
0.6179,0.5942,-0.3954,0.2197,0.4875,-0.0732,0.669,1
1.2063,-0.1352,0.3597,0.0834,-0.1571,-0.412,0.568,1
-0.6041,-0.0081,-0.5163,0.9926,0.4429,-0.4716,0.391,0
0.821,0.446,-0.3628,-1.168,-0.2057,0.8389,0.539,1
-0.8914,0.0349,-1.2522,-0.4077,0.4,0.121,0.417,0
-0.965,-0.1526,-0.1765,-0.2006,0.8241,-0.3333,0.397,0
1.4274,0.6672,-0.6527,0.4292,-0.4272,0.3266,0.571,1
0.4848,-0.0929,0.0475,0.4378,0.1168,-0.4713,0.636,1
1.0628,0.3376,-0.5707,-0.433,1.0995,-0.4384,0.644,1
1.3735,0.8306,0.0627,0.499,0.0266,-0.3212,0.571,1
-0.8167,-0.2691,-0.0868,-0.2017,0.0247,0.6618,0.384,0
0.6627,0.631,1.0032,0.6058,0.3154,-0.1012,0.598,1
-0.9604,-1.2128,0.2983,-0.5163,0.0164,-0.9767,0.439,0
-1.0051,-0.0724,-1.1038,-0.0617,-0.6829,0.484,0.418,0
-1.304,0.0864,-0.7589,-0.2451,0.4529,-0.1226,0.383,0
-0.7783,-0.3386,0.0331,0.528,-0.8012,-0.7398,0.488,0
-0.8015,0.8872,-0.5579,-0.2614,-0.1667,-0.1267,0.467,0
-0.3896,-0.6415,-1.781,-0.0212,0.483,0.2084,0.439,0
-0.5024,-0.4805,0.8097,0.2534,-0.1426,0.1616,0.495,0
-1.0772,-0.4975,0.4321,0.2726,-0.2775,0.7194,0.467,0
0.8901,-0.0207,0.3126,0.4435,0.3517,-0.3411,0.643,1
-0.7486,-0.4644,-0.3644,0.1056,-0.3404,0.0187,0.398,0
-1.3104,-1.0034,0.2566,-0.2091,-0.4889,-0.2798,0.473,0
1.0717,0.9127,-0.4226,-0.1748,0.1098,-0.6169,0.622,1
0.5159,-0.3631,0.1229,0.0128,-0.0732,0.3542,0.618,1
-0.0459,0.4198,-0.5523,0.1248,-0.4975,0.1853,0.483,1
-0.5234,0.8011,0.9098,-0.0736,0.2548,0.1135,0.464,0
0.8253,0.3597,-0.9421,0.0096,0.1858,0.1707,0.5,1
-1.1995,-0.6877,0.7394,-0.7586,-0.1439,-0.2742,0.436,0
-0.1223,-0.6479,0.0233,0.3337,-0.1165,-0.4023,0.498,0
-0.0796,-0.3797,-0.2937,0.0906,0.1882,0.0151,0.414,0
0.5944,-0.4564,0.1002,0.5009,0.4761,0.4645,0.586,1
-0.8821,-0.3827,0.44,0.0001,-0.1131,0.6432,0.398,0
-0.4017,-0.9638,0.82,-0.8692,0.2619,0.3182,0.48,0
-0.3422,-0.5506,0.1879,-0.1792,0.2261,0.0117,0.45,0
0.4736,0.9534,-0.5344,-0.1,0.3517,0.1079,0.597,1
0.3385,-0.2259,0.0334,0.3715,0.0157,0.0046,0.539,1
-0.839,-0.4001,1.0901,-1.0351,-0.3649,-0.4104,0.459,0
1.054,0.4395,0.8086,0.0206,-0.185,0.0099,0.605,1
0.9601,1.1828,0.5453,0.2568,0.1371,-0.5339,0.606,1
-0.0056,0.4768,0.4774,-0.3307,0.7274,-0.0496,0.647,1
-0.1997,0.1303,0.4197,0.0373,-0.1936,0.6544,0.404,0
0.7881,0.2052,0.6953,-0.3135,0.3219,0.3291,0.595,1
-0.9391,-0.7182,-0.274,-0.3648,-0.1312,-0.3692,0.425,0
1.1069,1.3386,-0.8131,-0.2042,0.0442,-0.029,0.589,1
-0.2312,0.4949,0.0414,-0.3553,0.6062,-0.3338,0.449,0
-0.2594,-0.6601,-0.4905,0.3418,0.3057,-0.025,0.35,0
-1.1263,-0.1795,-0.633,-0.3675,-0.4965,0.4164,0.408,0
1.0742,0.7888,-0.4322,-0.4515,-0.229,0.2612,0.597,1
-0.2708,0.456,1.4912,0.884,0.5025,0.9937,0.5,0
0.8263,1.056,0.0817,0.4804,0.0568,0.477,0.546,1
-1.0295,-0.5697,0.2171,-0.9308,-0.4595,0.0816,0.447,0
0.8325,0.4364,-0.7334,-0.3824,-0.3276,0.2709,0.654,1
0.9938,0.8209,-1.1063,0.1212,0.2814,-0.081,0.605,1
0.907,0.3085,-0.4914,0.1619,0.3978,-0.451,0.569,1
0.9523,0.0385,0.8629,-0.7452,0.0071,0.5223,0.523,1
1.3371,0.3653,0.2006,0.5793,0.9901,0.4036,0.539,1
-0.0556,-0.9106,0.3592,0.4126,0.3297,-0.0964,0.408,0
0.5404,-0.3308,0.4431,0.241,-0.0974,0.1096,0.587,1
-0.2938,-0.4603,-0.3548,0.6784,-0.3263,0.4964,0.549,0
0.2535,-0.8837,0.8328,0.2261,-0.39,0.3385,0.605,1
0.3674,1.8574,-0.3797,0.2243,0.1342,-0.5852,0.539,1
-0.7021,-0.2575,0.8437,0.7788,-0.1955,0.0974,0.46,0
-1.2818,-0.4197,0.2654,0.5506,0.6695,-0.0671,0.376,0
-0.6333,-0.4366,-1.0734,-0.4208,0.5865,0.4452,0.456,0
0.6469,0.6515,-0.4488,0.3166,0.2532,0.4124,0.549,1
0.5576,0.2054,-1.071,-0.3321,-0.4716,0.5274,0.449,1
0.6053,0.5963,0.698,0.2521,-0.2689,-0.4472,0.506,1
1.1774,0.428,-0.0148,0.2383,0.5023,-0.3136,0.513,1
1.0826,0.4529,-1.337,-0.6917,-0.2252,0.4456,0.587,1
-0.7981,-0.4241,0.2254,-0.0609,0.4489,-0.2367,0.423,0
-0.7217,-0.1454,-0.3223,0.1326,0.1898,-0.6086,0.396,0
0.2601,0.5198,-0.8903,-0.2181,0.0207,0.213,0.566,1
1.3681,0.5817,1.0068,0.1574,-0.2811,-0.2189,0.605,1
1.0368,0.5644,0.0644,0.4029,-0.0377,0.7159,0.606,1
-0.5506,-0.1527,-0.1761,-0.0153,0.0759,0.1185,0.357,0
-0.6867,-0.6234,-0.2397,0.1123,0.413,0.0641,0.444,0
-0.7037,-0.6146,-0.908,0.6917,-0.3543,-0.1477,0.422,0
-0.5502,-1.0199,-0.7827,0.2366,-0.1051,0.6363,0.44,0
-0.9313,-0.727,0.771,0.1004,0.0179,0.1434,0.478,0
0.5034,0.4603,-0.2843,-0.479,0.2651,-0.1634,0.535,1
-0.4197,-0.696,0.0132,0.3355,-0.3634,-0.3176,0.365,0
0.8486,0.4518,-1.2266,0.1651,-0.5266,-0.0294,0.557,1
-0.417,-0.14,-0.7909,0.6419,0.2696,-0.3911,0.4,0
1.0676,0.3711,0.3659,0.0234,-0.6072,0.4116,0.597,1
-1.3088,-0.3978,0.2266,-0.9081,0.514,-0.7233,0.484,0
-0.3453,0.4045,1.052,-0.8501,-0.0624,-0.0558,0.425,0
-0.8684,-0.0254,0.8058,0.3678,-0.619,0.2441,0.437,0
-0.0007,0.8397,-0.1384,-0.2851,-0.1922,0.1368,0.549,1
0.7398,0.3477,0.2838,0.2184,0.1516,-0.2869,0.505,1
-0.4266,-0.5513,-0.19,0.0571,-0.2131,0.2641,0.427,0
-0.689,0.1374,1.2329,-0.0834,0.008,-0.3544,0.501,0
0.853,0.5026,0.6894,-0.0482,0.296,-0.009,0.63,1
-0.4088,-1.1966,0.1018,-0.4327,-0.0809,0.2607,0.47,0
-1.1758,-0.3242,0.1202,-0.0079,-0.3748,0.1852,0.406,0
0.9184,0.2234,0.8669,-0.2922,-0.1196,-0.27,0.561,1
0.8542,0.2131,0.3477,-0.1861,0.5659,0.479,0.517,1
-0.2458,-0.7828,0.9352,-0.1618,0.674,0.0347,0.413,0
0.1127,-0.3809,-1.3162,-0.1133,-0.808,0.2972,0.467,0
0.9886,0.6581,0.2767,0.4611,0.4364,0.6116,0.52,1
-0.621,-0.4443,-0.3093,-0.0649,0.1001,0.447,0.466,0
-0.7105,-0.445,1.0538,0.5119,0.3696,0.4481,0.399,0
0.461,0.9045,0.9278,0.7689,-0.2202,0.0771,0.556,1
0.8178,1.0473,0.0197,0.4275,-0.7073,0.3176,0.607,1
-0.741,0.0838,0.9214,0.2672,0.2338,0.0854,0.438,0
1.2232,1.4351,1.0699,0.1634,-0.3764,-0.4837,0.582,1
0.8327,0.2504,0.0446,0.4327,-0.5553,0.1211,0.564,1
-0.2049,-0.1413,1.4832,0.0447,-0.5274,0.1025,0.453,0
0.6797,0.8917,-0.0188,0.4923,0.2404,0.2335,0.461,1
-0.2329,-0.1245,-0.1287,0.3071,0.0558,-0.0512,0.406,0
-0.7242,0.3881,0.5195,-0.1799,0.313,-0.3046,0.41,0
0.6896,1.4446,-0.2123,0.4479,0.2676,0.2626,0.632,1
-1.0313,-0.5028,0.0512,0.0457,-0.1684,-0.5253,0.35,0
-0.4564,-0.033,0.8457,-0.0531,-0.0282,0.5835,0.412,0
-1.0159,-1.1891,0.0115,-0.2381,-0.2046,-0.0926,0.405,0
0.1395,-0.4184,-1.017,0.083,-0.0841,0.0982,0.461,0
0.6515,0.3317,0.2204,0.4982,-0.3869,0.2234,0.479,1
1.1925,0.3459,-0.4178,0.4445,0.1562,0.2363,0.536,1
0.6452,0.3266,0.5192,0.1767,0.43,-0.5636,0.563,1
-0.3604,-0.8311,0.4177,0.2998,-0.3266,0.3296,0.48,0
-0.5297,-0.3679,0.8828,0.6358,0.5125,0.1213,0.476,0
-0.9874,-0.1534,0.5445,-0.075,0.0454,-0.2541,0.42,0
-1.1527,0.3767,0.6541,-0.5577,0.0964,-0.2999,0.462,0
-0.292,-0.3053,-0.4015,0.6506,-0.6798,-0.1336,0.431,0
0.6946,1.4745,0.4824,-0.2649,-0.7229,-0.5195,0.646,1
0.6791,0.8678,1.1811,-0.3452,0.0576,0.6889,0.585,1
1.0123,0.963,-0.4132,-0.8981,0.3159,0.5945,0.535,1
-1.5833,-0.8448,1.0798,0.2856,-0.2686,0.1807,0.5,0
0.3696,1.4171,-0.3296,-0.8107,0.668,-0.0894,0.613,1
-0.6455,-0.2467,-0.5112,-0.3751,0.294,-0.0788,0.465,0
0.0396,-0.5713,0.1777,0.2941,-0.3633,0.3032,0.498,0
1.0121,0.0981,0.4295,0.361,0.0123,0.7031,0.63,1
0.9218,0.2651,0.5471,-0.3259,0.9908,-0.2282,0.639,1
-0.76,-0.3923,-0.5771,-0.0671,-0.497,-0.447,0.458,0
-0.8333,-0.8789,0.2607,-0.4363,0.2113,0.6191,0.474,0
-0.0377,-0.0446,-0.4113,-0.2742,-0.1291,-0.7149,0.476,0
0.8857,0.5176,-0.8934,0.1331,0.2828,-0.4034,0.519,1
-1.441,-0.6792,-0.5572,-0.2508,0.5069,-0.0987,0.414,0
0.8641,-0.5878,-0.4505,-0.1221,-0.1545,-0.6242,0.511,1
-0.9433,-0.3693,0.313,-0.7324,0.4476,0.4449,0.41,0
-0.8185,0.2851,0.6913,0.5665,0.8885,0.3428,0.428,0
-0.3748,-0.3025,-0.8839,0.255,0.0265,-0.2299,0.503,0
0.1849,-0.0648,0.2112,0.3965,0.314,0.5118,0.605,1
-0.6307,-1.0628,-0.706,0.6452,-0.2362,0.5797,0.411,0
1.0738,-0.0655,0.3775,-0.4126,0.0077,-0.0453,0.651,1
0.4481,0.4371,-0.3736,-0.1792,-0.0707,-0.1803,0.658,1
0.4719,-0.0365,-0.6308,-0.9474,0.3188,0.9038,0.624,1
0.7108,0.0755,0.4798,1.5702,0.4819,0.2885,0.542,1
0.9128,-0.1543,-0.3522,-0.0748,-0.0439,0.1025,0.565,1
0.7389,0.4232,-0.1896,0.5194,0.6134,0.5454,0.587,1
0.9734,0.0668,-1.332,-0.6191,0.612,0.1208,0.545,1
-0.4222,-0.0571,0.5679,0.4982,0.3387,-0.2022,0.411,0
-0.4265,0.7535,0.4925,0.9288,-0.2064,0.0321,0.487,0
-0.9012,0.1442,0.0033,-0.0301,-0.2447,0.4155,0.428,0
-1.0492,-0.3443,-0.9165,-0.5054,-0.325,-0.7969,0.391,0
0.4013,-0.2984,0.7256,-0.0694,0.3797,-0.1152,0.433,0
0.9571,0.8454,-0.3998,-1.1134,-0.4847,0.5532,0.576,1
-0.3203,-0.775,-0.272,-0.0189,0.2707,-0.2047,0.447,0
-1.2431,-0.5764,1.3872,0.4105,-0.4324,0.6184,0.441,0
0.3526,0.7298,-0.4222,-0.0179,0.3294,0.5659,0.636,1
-0.6509,0.0267,0.4453,-0.1421,0.0069,-0.0262,0.383,0
-0.4109,-0.8356,0.3373,0.2638,0.5335,-0.2274,0.389,0
-1.689,0.3666,0.2341,0.302,0.4566,-0.1149,0.375,0
-0.5335,0.076,0.1692,-0.83,0.574,1.0658,0.455,0
-1.0599,-0.2897,0.2258,0.0444,0.5843,0.7498,0.447,0
0.6535,0.6747,0.1632,1.218,0.0575,0.0502,0.609,1
0.8707,0.671,-0.0312,-0.6675,-0.4635,-0.2433,0.603,1
-0.9422,-0.165,0.9068,-0.0427,-0.421,0.0468,0.424,0
-0.7095,0.244,-0.7876,0.9709,-0.8347,0.0975,0.44,0
-1.0209,-0.6516,0.6129,0.5521,-0.4335,-0.4973,0.445,0
0.7805,0.0128,0.4934,-0.2567,0.0275,0.032,0.621,1
-1.0774,0.0516,0.419,0.1031,-0.2239,0.529,0.548,0
-1.3333,-0.1378,0.6702,-0.0011,-0.0721,-0.7197,0.461,0
0.9906,2.1889,-0.0556,-0.374,0.1971,0.3306,0.554,1
-1.1184,-0.6667,-1.1214,-0.0371,-0.1216,0.5499,0.465,0
-0.6715,-0.7296,-0.0434,-0.14,-0.4487,-0.2242,0.468,0
-0.2988,-0.6623,-0.5947,0.0564,-0.0213,0.6777,0.434,0
0.7419,0.2599,-0.4391,-0.3742,-0.3594,-0.2761,0.492,1
0.939,0.5151,-0.7455,-0.6383,-0.1083,0.1764,0.571,1
0.4048,0.556,-0.2864,-0.0206,0.5371,-0.1227,0.584,1
-0.1528,-0.6791,-0.358,0.8576,-0.1082,-0.1228,0.408,0
0.7204,0.3634,-1.4265,0.0411,0.7084,-0.2469,0.501,1
0.8739,1.1721,0.4201,-0.1658,0.5727,0.2794,0.539,1
0.9331,1.1923,1.3322,0.377,-0.2317,0.3395,0.6,1
-0.7573,0.2793,0.3637,-0.0792,-0.4444,-0.0258,0.496,0
0.8951,-0.1706,-0.1218,0.934,-0.021,-0.544,0.579,1
-0.9418,-1.0954,-0.0328,-0.002,0.4613,0.1613,0.453,0
-0.7828,-0.0381,-0.2526,0.3502,-0.1961,0.1688,0.472,0
0.5814,1.1849,0.054,-0.3773,0.3632,-0.0867,0.543,1
-0.5692,-0.5174,-0.0222,0.2515,0.4834,0.7469,0.442,0
1.2203,1.2112,-0.5046,0.1375,-0.3096,-0.6256,0.51,1
-1.0389,-0.296,1.0097,-0.0283,-0.2704,-0.8869,0.402,0
0.657,0.8141,-0.8923,-0.2509,0.2851,-0.2923,0.636,1
1.1812,0.1596,0.431,-0.319,0.0607,0.2842,0.614,1
0.68,0.6461,-0.0607,0.1412,-0.2744,-0.4223,0.65,1
-1.1973,-0.3438,1.1405,0.3145,-0.1409,-0.3924,0.493,0
-0.6675,-0.4165,0.2045,-0.0636,-0.0282,0.3804,0.469,0
0.9027,0.0693,-0.2159,0.1436,-0.6259,0.185,0.57,1
-0.6408,-0.3417,-0.1486,-0.019,0.3063,0.1508,0.464,0
1.0668,0.3867,0.0239,0.0493,-0.1915,0.3126,0.579,1
0.182,0.8246,-0.6857,-0.1002,-1.1135,-0.1701,0.615,1
0.0077,-0.0333,-0.4601,0.009,-0.0095,-0.1516,0.544,0
-0.5533,-0.475,-1.071,1.349,-0.2966,0.3239,0.371,0
-1.0124,-1.136,-0.5538,0.1558,0.6755,-0.538,0.468,0
1.3972,1.1269,0.0563,0.3226,-0.2342,-0.8571,0.644,1
0.108,-0.8351,0.1801,0.219,-0.4391,-0.1733,0.476,0
-0.236,-0.1664,-1.1876,-0.1314,0.2032,0.3723,0.432,0
-0.344,-0.1406,-0.0823,0.647,-0.2642,0.1022,0.428,0
1.3315,0.3727,0.338,-0.1456,-0.3118,0.3429,0.557,1
-0.8645,0.0795,-0.0977,0.5275,0.2038,-0.8065,0.473,0
-0.6802,-0.8561,-0.3803,-0.1671,-0.4162,0.1262,0.464,0
0.9228,0.4958,-0.2473,-0.48,-0.5829,0.2615,0.55,1
0.7795,0.9879,-0.3245,0.1827,0.6904,-0.5403,0.53,1
1.0502,0.7925,-0.382,-0.5523,0.2318,0.3448,0.593,1
-0.1527,-0.871,0.1043,0.2678,-0.1057,-0.0446,0.402,0
-1.1678,-0.126,1.3846,-0.5971,-0.0014,1.2285,0.425,0
1.3476,0.4864,-0.4462,-0.1595,0.2023,-0.8709,0.592,1
-0.3053,-0.3483,-0.1909,-0.7159,0.3893,0.5476,0.444,0
1.1306,-0.2104,-0.031,1.4121,-0.3024,-0.1577,0.503,1
0.7099,0.3984,-0.4124,-0.827,0.1465,-0.6469,0.66,1
0.5656,-0.27,0.6589,0.0049,-0.2027,-0.2108,0.442,0
0.5287,0.9255,-1.4225,0.5717,-0.0756,0.111,0.652,1
0.5543,0.8787,-0.3186,0.5182,0.0643,0.415,0.567,1
-0.5066,-1.1033,0.491,0.4257,-0.0027,0.6888,0.438,0
0.622,0.3599,-0.1765,-0.1586,0.2942,0.5688,0.593,1
-0.9345,-0.8815,-0.4925,0.6755,0.1948,-0.3862,0.445,0
-0.7063,0.4034,0.2645,0.4567,-0.6033,0.4521,0.408,0
-0.1691,-0.7114,0.5438,0.1061,-0.5431,0.1565,0.403,0
0.0747,-0.6943,0.1264,0.1203,-0.1479,-0.2618,0.549,1
0.7923,0.0828,-0.4807,-0.152,0.7315,-0.0848,0.488,1
0.8407,0.1545,0.2737,-0.4548,-0.3406,-0.2839,0.646,1
-0.491,-0.29,-0.2412,0.6186,-0.0833,0.0148,0.386,0
1.4354,0.0983,0.4471,0.6561,-0.2145,-0.2919,0.55,1
-0.0834,0.0918,0.89,-0.4421,-0.2216,-0.4112,0.446,0
1.1205,0.3947,-1.5633,-0.0769,0.0713,0.1916,0.667,1
-0.4833,0.3261,0.0666,-0.0717,0.5603,0.2515,0.407,0
-0.5144,-0.3615,-1.0414,-0.0163,0.1824,-0.075,0.413,0
-0.4043,-0.4834,1.4651,0.0321,-0.3214,0.5471,0.408,0
0.023,-0.0401,-0.2809,0.4734,1.1013,-0.1042,0.601,1
-0.6002,0.1292,0.4478,-0.3736,0.0314,-0.1211,0.434,0
0.3377,0.7856,-0.0212,-0.4232,-0.2309,0.2642,0.495,1
0.0064,-0.1544,-0.4819,0.6183,0.5648,-0.053,0.457,0
-1.203,0.0976,-0.5532,-0.2313,-0.1876,0.0339,0.509,0
-0.596,-1.3255,0.9514,-0.6315,0.6652,-1.0082,0.506,0
1.2592,1.2651,0.5736,-0.2426,-0.3483,0.0067,0.59,1
0.9367,0.1789,1.1662,-0.165,0.572,-0.7309,0.614,1
-0.439,0.5344,0.0333,0.7775,0.0804,-0.4884,0.433,0
-0.3322,-1.0643,0.1728,0.4624,0.5164,-0.5341,0.446,0
-0.6449,0.4786,-0.1603,0.5738,0.7607,-0.417,0.424,0
0.7144,0.5172,-0.1722,0.41,-0.453,-0.2195,0.618,1
-0.986,-0.0555,-0.6251,0.4731,0.5103,-0.1946,0.446,0
0.1197,0.4827,0.0504,-0.344,-0.5636,0.2657,0.634,1
0.5061,0.2444,-0.4735,-0.0993,-0.4189,0.089,0.698,1
-0.125,-0.0998,0.2651,-0.495,-0.3214,-0.7604,0.422,0
-0.3915,-0.1789,0.102,-0.1052,0.2015,0.0333,0.449,0
0.8755,0.5921,0.1726,0.3421,0.0132,0.1273,0.461,1
1.4432,0.805,1.0051,0.0673,-0.0669,-0.1314,0.59,1
-1.4246,-0.6578,-0.0226,0.6557,0.0585,-0.0244,0.42,0
-0.4279,-0.3223,0.454,-0.5707,0.2365,0.0761,0.451,0
-0.0901,-1.468,1.2309,0.2501,0.2673,0.3058,0.479,0
-0.2301,-0.0855,0.784,-0.6242,0.4377,-0.63,0.487,0
-0.8651,-0.3609,0.6919,0.0471,0.728,-0.0977,0.438,0
-0.5653,-0.4681,-0.184,0.3702,-0.0085,0.6033,0.431,0
0.9181,0.4591,0.1378,-0.1073,-0.2084,0.5667,0.55,1
-0.9277,-1.0168,-0.791,0.2756,0.2454,0.3404,0.394,0
-0.2178,0.6646,0.2993,-0.4799,-0.4577,0.2147,0.432,0
-1.079,-0.3514,0.1647,-0.8318,-0.2715,0.6619,0.47,0
0.9957,-0.5899,0.014,0.2785,0.3998,0.7671,0.56,1
0.3281,0.4716,0.6163,0.872,-0.0497,-0.0516,0.542,1
-1.1961,-0.288,-0.7247,-0.498,-0.4833,-0.3878,0.449,0
-0.5414,0.3935,0.9809,0.6111,-0.5959,-0.1081,0.407,0
0.8132,0.4064,0.5411,0.0217,0.0195,1.2387,0.599,1
-0.674,0.1272,-0.0424,-0.6678,0.4568,-0.6277,0.437,0
-1.2023,-0.0268,-0.0892,-0.5658,0.4514,-0.1882,0.429,0
-0.264,-0.4793,0.2884,0.0079,0.0444,-0.5651,0.426,0
0.0743,-1.0251,0.9125,-0.2022,0.8036,0.0499,0.437,0
-0.8585,-0.4005,0.061,-0.6565,-0.0419,-0.4811,0.422,0
0.9613,0.228,0.0864,-0.847,-0.0554,-0.0435,0.537,1
0.0697,0.7137,0.0109,-0.4234,-1.027,-0.78,0.547,1
0.0487,-0.1453,1.0692,0.0969,-0.1789,0.247,0.504,0
0.2062,0.7965,-0.2213,-0.0032,0.3408,0.4889,0.67,1
-1.133,0.2987,-0.0177,-0.2506,0.6256,-0.1536,0.404,0
-0.3474,-0.5282,0.8781,0.1009,-0.3321,-0.0541,0.443,0
0.7227,0.9805,0.0882,0.52,0.1849,-0.0654,0.635,1
1.1587,-0.3365,0.6822,0.1971,0.4188,0.0724,0.59,1
-0.8233,0.3797,-0.5468,-0.0607,0.0045,-0.0153,0.52,0
-0.2022,-0.9831,-0.1232,0.464,-0.9133,0.3072,0.428,0
0.7716,-0.4064,0.8907,-0.4799,0.0989,0.4932,0.543,1
0.6659,-0.0163,-0.4058,-0.1125,0.3046,-0.3256,0.597,1
0.1022,1.7206,-0.0908,-0.1005,-0.379,-0.1237,0.553,1
-1.1407,0.5074,0.154,-0.6185,-0.1017,0.3606,0.406,0
-0.3256,0.3723,-0.5935,-0.2099,-0.4622,-0.5687,0.392,0
