Pregnancies,Glucose,BloodPressure,SkinThickness,Insulin,BMI,DiabetesPedigreeFunction,Age,target
5,91,53,4,6,30.9,0.078,39,0
3,99,47,0,170,36.6,0.56,21,0
0,128,73,23,6,31.2,0.108,24,1
4,114,73,29,98,47.1,0.274,31,1
3,52,83,23,202,18.4,0.078,53,0
3,56,60,0,25,32.7,0.82,31,0
4,101,76,14,37,19.3,0.078,44,0
2,133,79,0,67,18.2,1.097,33,1
4,44,77,40,170,34.3,0.938,27,0
3,105,53,3,227,33.1,0.294,30,1
1,104,71,38,107,29.8,0.641,31,0
5,161,75,34,7,31.2,0.454,39,1
7,108,69,6,88,56.2,0.764,48,1
1,131,29,3,42,30.0,0.266,36,0
4,124,72,25,50,36.0,0.724,46,1
2,56,111,7,4,26.9,0.292,22,0
4,143,62,21,16,34.3,1.33,28,1
0,126,55,12,125,30.1,0.313,25,1
5,135,76,0,48,28.8,0.292,36,1
3,200,74,0,28,46.2,0.723,29,1
1,57,91,23,38,41.2,0.81,41,1
5,171,45,11,154,33.1,0.38,22,1
7,111,82,11,110,18.2,0.093,33,0
1,128,80,30,25,29.2,0.296,40,0
5,118,66,37,9,53.1,1.619,21,1
2,107,75,15,23,30.2,0.657,56,0
4,102,88,14,202,40.6,0.783,29,0
7,129,85,27,69,43.2,0.078,21,0
2,74,47,0,60,33.7,0.296,34,0
2,142,84,23,72,25.4,0.489,33,1
3,107,67,28,36,18.2,0.833,32,0
5,86,70,30,131,37.3,0.078,43,1
5,106,70,0,59,25.6,0.899,41,1
2,157,66,8,9,33.4,0.374,36,1
1,103,91,6,11,22.3,0.103,37,1
3,130,67,21,61,29.9,0.179,31,0
5,98,47,27,220,32.3,0.156,52,0
4,142,61,42,29,34.1,0.356,21,1
3,140,72,12,162,23.3,0.078,34,0
2,175,92,12,115,41.3,0.081,33,1
3,114,80,37,22,27.3,0.787,41,1
4,140,52,24,2,18.9,0.078,23,0
4,122,116,39,8,31.1,0.125,21,0
4,158,74,24,104,32.3,0.284,34,1
9,98,93,2,17,33.3,0.342,36,0
1,142,66,0,37,42.6,0.678,49,1
2,114,79,0,55,30.2,0.279,21,1
2,118,84,29,103,31.1,0.733,45,1
4,122,92,37,9,23.4,0.453,59,1
6,127,89,47,41,38.4,0.078,28,0
2,116,85,32,53,33.4,0.08,21,0
4,126,63,37,62,28.7,0.27,28,1
5,167,58,11,136,18.2,0.238,33,1
2,149,75,2,15,43.3,0.64,39,1
6,146,86,32,131,22.4,0.409,26,1
8,106,64,26,94,27.4,0.231,50,1
5,93,89,21,64,34.8,0.088,21,0
6,148,96,25,96,22.7,0.121,21,0
7,146,51,24,42,20.4,0.403,45,0
7,164,53,39,11,18.2,0.259,21,1
2,101,66,39,87,37.6,0.34,30,0
4,113,74,28,59,27.7,0.088,67,1
2,70,59,32,81,54.8,0.511,32,1
3,108,94,27,32,24.2,0.9,21,0
2,149,77,13,189,24.8,0.14,32,1
6,106,69,31,70,27.6,0.318,32,1
3,139,41,0,7,33.9,1.744,34,1
2,114,43,35,47,28.3,0.191,40,1
3,129,74,2,112,36.8,0.425,21,0
4,85,28,24,126,24.4,0.078,51,0
6,122,88,7,54,21.2,0.438,35,1
1,44,65,28,180,18.2,0.078,40,0
1,114,122,19,24,18.2,1.504,26,1
3,71,112,0,42,28.0,0.591,47,0
3,156,65,26,183,29.7,0.729,30,1
4,143,66,11,181,27.1,0.572,36,0
5,134,87,33,92,41.7,0.419,22,1
2,165,101,20,156,41.6,0.281,22,1
6,91,37,25,7,29.4,0.919,40,0
5,172,35,5,160,18.2,1.477,28,1
1,147,57,11,30,27.6,0.325,23,1
2,112,80,13,15,27.3,1.26,25,0
2,154,78,32,21,26.9,0.411,40,1
3,86,89,45,43,26.6,0.363,26,0
5,95,46,7,23,26.9,0.285,31,0
8,101,24,36,30,29.0,0.11,33,0
5,104,85,0,11,27.0,0.078,21,0
4,88,53,2,28,33.6,0.13,21,1
5,156,30,5,67,34.8,0.335,36,1
4,112,71,0,46,24.9,0.225,24,0
4,130,84,0,34,41.9,0.28,44,1
2,102,66,26,109,24.4,1.854,43,1
3,65,60,16,179,19.4,0.203,40,1
3,128,65,25,113,35.0,0.283,53,1
4,62,61,30,32,25.6,0.078,32,0
3,117,43,23,109,34.5,0.078,40,0
5,78,55,29,13,18.2,0.702,26,1
4,179,78,18,11,42.9,0.397,59,1
1,147,75,2,33,37.2,0.672,54,0
2,123,72,35,131,20.3,0.078,33,0
5,157,50,11,22,20.5,0.399,37,1
4,94,65,5,5,45.0,0.137,47,0
3,136,27,17,11,26.2,0.122,31,0
4,125,72,6,156,25.5,0.078,25,0
6,127,96,13,80,18.2,0.078,42,0
5,158,40,25,23,29.3,0.174,33,1
3,141,57,25,64,30.2,0.078,35,0
5,128,75,6,59,37.6,2.002,23,1
8,70,92,12,85,21.1,0.173,21,0
3,91,60,36,21,20.1,0.078,35,1
5,116,55,27,159,35.5,0.104,42,0
6,122,31,51,29,39.9,0.416,30,1
10,86,70,37,94,19.7,0.078,48,1
5,192,107,37,1,40.4,0.932,25,1
4,165,74,0,37,32.3,1.531,21,0
5,138,68,31,34,40.5,0.133,32,0
1,122,75,19,62,31.5,0.281,32,0
3,113,68,11,6,18.2,0.078,41,0
0,91,53,22,124,30.8,0.481,24,0
5,122,84,34,19,40.3,0.251,48,1
6,127,73,27,90,25.0,0.148,54,0
6,82,69,6,130,29.0,0.109,32,1
2,130,50,31,66,30.6,0.499,46,1
1,115,93,10,108,18.2,0.253,21,0
1,62,81,23,86,45.0,0.093,44,0
4,94,58,15,35,25.0,0.549,44,0
2,107,88,16,132,35.9,0.391,42,1
1,176,59,31,27,31.3,0.92,32,1
2,136,54,4,67,41.8,0.078,21,1
2,79,54,49,109,35.2,0.724,25,1
3,134,35,0,38,30.2,0.526,26,1
5,73,77,11,28,25.0,0.078,22,1
4,152,34,25,49,38.2,0.558,34,1
4,105,45,28,136,18.2,0.274,28,0
2,117,29,18,212,37.0,1.363,23,1
4,159,67,19,63,23.4,0.078,21,0
3,81,66,26,86,41.8,0.484,25,0
1,78,62,16,186,33.3,0.226,45,0
2,102,49,40,8,37.0,1.477,25,1
5,151,46,32,21,32.6,0.188,27,1
3,74,77,33,98,18.3,1.539,27,0
2,44,58,5,138,25.3,1.089,36,0
6,106,75,18,155,37.2,0.148,38,0
1,136,52,15,42,33.3,0.765,21,0
2,156,72,4,7,41.2,2.42,44,1
3,106,93,25,46,35.1,0.137,48,1
4,107,80,11,20,24.5,0.27,21,0
5,154,61,29,27,25.8,0.345,22,1
5,63,73,3,118,32.8,0.164,28,1
3,108,64,45,6,18.2,0.078,24,0
2,125,69,6,140,45.1,0.117,35,1
4,133,62,23,44,35.4,0.156,21,0
2,104,65,31,72,41.6,0.276,21,0
6,121,73,11,7,19.7,0.088,49,0
6,45,50,32,32,41.7,0.971,22,1
3,100,49,1,7,49.4,0.574,46,1
5,133,42,41,260,21.7,0.078,36,0
2,90,38,20,131,38.0,0.494,21,1
6,121,45,11,49,32.0,0.498,39,1
4,133,72,15,20,20.0,1.47,31,1
6,109,52,32,216,35.8,0.078,27,1
4,125,78,11,33,38.5,0.134,35,1
5,91,69,8,14,27.3,1.235,38,0
2,113,31,16,66,41.1,1.264,40,1
5,138,81,2,230,19.0,0.599,45,1
4,124,84,47,0,20.3,0.682,37,0
6,102,50,11,21,33.1,0.078,21,0
4,126,76,32,223,32.2,0.339,27,1
4,141,52,23,15,26.4,0.124,65,1
1,58,70,5,9,38.3,0.094,40,0
7,154,44,19,67,36.1,0.781,59,0
6,109,34,31,158,38.7,0.078,48,0
7,132,61,17,51,31.0,0.297,35,1
1,155,66,37,417,36.7,1.311,36,1
1,78,61,35,90,28.5,0.097,32,0
5,98,46,33,6,48.0,1.794,21,1
4,111,61,13,395,25.7,2.42,33,1
4,96,74,3,41,48.4,0.381,46,0
2,172,68,10,27,32.3,0.088,26,0
3,94,72,22,65,21.3,0.179,37,1
3,103,56,28,29,42.7,0.26,42,1
3,126,91,0,7,33.0,0.174,22,0
3,83,46,19,0,38.6,0.155,28,0
2,108,78,22,47,41.5,1.684,21,0
5,129,91,15,145,34.6,0.078,23,1
4,110,78,39,67,27.4,0.621,21,1
3,117,65,26,571,39.6,0.078,23,1
3,104,58,39,27,32.0,0.426,48,1
3,74,88,16,26,37.3,1.164,22,0
2,129,41,34,13,18.2,0.16,34,0
2,172,50,44,14,35.5,0.096,27,0
6,120,61,39,26,27.0,0.496,45,1
2,126,92,3,125,44.9,0.586,47,1
1,140,76,16,188,36.9,0.547,42,1
1,81,50,14,295,33.9,0.181,36,0
5,171,63,27,21,35.8,0.137,30,1
4,126,57,30,170,24.2,1.467,21,1
5,168,55,7,31,44.7,1.207,54,1
5,98,87,21,9,47.5,0.287,24,1
4,174,42,0,163,35.1,0.88,40,1
4,143,99,41,80,44.4,0.283,44,1
0,136,84,12,14,27.6,0.26,26,0
3,127,89,20,44,25.8,0.08,44,1
4,112,60,15,27,32.3,0.261,41,0
6,156,66,37,106,35.4,0.362,52,0
4,124,41,0,48,28.9,0.078,27,1
2,60,59,19,362,36.2,0.276,21,0
3,86,78,18,4,34.4,0.715,27,1
4,114,93,13,35,24.2,0.536,35,1
4,129,47,45,52,36.0,0.474,33,1
2,118,62,6,55,38.7,1.129,28,0
4,156,66,31,30,33.3,0.078,21,1
3,61,42,25,104,41.0,0.383,38,0
5,124,80,38,166,22.5,0.728,54,1
2,65,55,9,223,35.7,0.366,38,0
4,142,65,9,130,22.9,0.184,39,1
8,117,60,36,152,23.3,0.078,39,0
3,132,54,26,63,27.1,1.027,37,1
5,94,68,0,139,24.7,0.299,43,0
8,158,64,11,28,27.7,0.989,37,0
2,151,61,25,40,30.3,0.414,29,0
2,137,55,32,30,38.5,0.527,24,1
3,116,75,9,50,29.5,0.767,30,1
6,137,100,0,26,19.6,0.506,36,1
1,98,71,27,260,40.9,0.239,29,1
1,145,87,1,30,25.5,0.339,36,1
8,169,42,0,8,31.5,0.764,37,1
7,152,71,0,59,35.5,0.22,42,1
2,98,48,32,4,33.6,0.231,47,0
2,130,40,21,9,40.5,0.078,33,1
0,81,54,16,19,35.7,1.156,21,0
6,137,91,40,49,25.3,0.078,29,1
4,133,87,29,45,49.0,0.491,33,1
4,63,73,44,128,33.5,0.251,21,0
4,85,39,0,107,30.9,0.245,48,1
3,111,65,19,44,39.5,0.535,34,1
5,110,74,0,32,33.9,0.078,37,1
5,83,72,16,30,35.1,0.423,48,1
4,131,33,16,118,51.4,0.695,26,0
5,127,52,29,4,29.9,0.828,39,0
4,114,67,20,1,29.5,0.088,31,1
4,97,79,29,126,32.9,1.07,30,1
2,151,27,30,51,40.4,0.502,24,1
7,169,65,52,11,20.2,1.004,51,1
10,105,71,15,21,18.2,0.312,28,0
4,101,85,5,215,27.4,0.367,40,1
4,134,82,23,157,19.3,1.181,21,1
3,109,80,7,98,28.7,1.082,45,1
5,115,53,42,52,35.9,0.279,44,1
4,142,32,15,58,25.1,0.151,34,0
4,62,61,11,295,20.9,0.235,30,0
3,159,88,12,269,32.5,0.231,37,0
3,122,95,30,19,38.7,0.159,58,0
5,107,82,17,133,18.8,0.147,21,0
2,117,77,10,17,38.4,0.928,41,1
0,118,76,44,19,38.4,0.078,22,0
5,68,58,7,90,39.4,0.532,32,0
5,164,66,20,41,41.5,0.089,30,0
1,121,100,29,214,49.2,0.199,28,1
4,133,51,0,7,29.2,0.078,32,0
5,148,99,27,57,32.9,0.148,21,1
4,89,62,4,200,28.8,0.688,44,0
1,134,94,32,187,32.0,1.017,21,0
6,111,42,5,13,44.0,0.118,38,1
5,145,80,30,36,21.5,0.293,29,0
5,56,55,36,77,25.3,0.299,21,0
4,117,42,32,13,42.7,0.972,35,0
4,101,73,23,275,40.0,0.676,21,1
0,132,88,16,196,29.2,0.338,33,0
2,134,52,11,14,38.7,0.522,21,1
5,98,40,42,10,34.7,0.883,38,0
2,98,67,9,7,43.7,0.078,22,0
5,116,67,4,192,32.6,0.242,28,1
0,93,79,29,17,40.0,1.118,36,1
2,145,87,8,43,52.6,0.634,24,1
1,108,67,5,47,36.7,0.368,32,1
2,44,104,0,73,32.4,0.355,21,0
4,108,73,12,5,37.6,0.201,39,1
3,88,62,18,20,29.2,0.345,52,0
3,71,38,23,214,50.6,0.501,63,1
5,82,64,34,191,33.4,0.255,34,1
7,123,62,27,121,29.9,0.589,41,1
1,159,87,17,1,25.5,0.928,21,1
4,129,77,17,31,40.6,0.079,49,1
5,101,46,27,79,38.8,0.282,41,1
5,133,72,39,25,28.1,0.246,27,0
1,106,81,21,192,36.5,0.547,46,0
6,99,98,12,80,20.2,0.135,30,0
2,85,85,5,5,33.4,0.481,27,1
8,67,83,0,191,35.5,0.987,38,0
6,108,70,29,253,45.3,0.255,21,1
5,124,76,28,6,26.0,1.137,44,0
5,117,92,28,60,22.0,2.343,21,1
3,107,43,18,28,25.0,0.078,21,0
5,91,62,41,39,21.6,0.125,22,0
3,138,54,12,15,42.4,1.412,41,1
4,80,76,34,69,44.1,1.494,26,1
3,143,92,19,253,34.5,0.078,21,1
1,89,57,10,55,41.5,0.078,26,1
7,97,24,28,6,33.0,0.083,32,0
2,75,61,26,77,31.3,2.42,21,0
2,104,86,25,33,29.4,0.093,21,0
3,149,79,21,154,29.6,0.328,56,1
1,135,77,19,45,19.9,0.887,23,0
3,149,63,55,17,34.1,0.078,29,1
7,135,44,37,16,31.7,0.436,28,1
1,86,78,30,117,37.8,0.152,28,0
4,110,53,21,24,32.7,0.932,39,0
7,96,110,35,116,30.7,0.157,43,1
4,159,79,27,18,25.2,0.546,29,0
6,84,57,20,31,32.6,0.527,21,0
3,146,57,15,50,37.8,0.118,47,1
8,146,67,18,229,23.1,0.078,31,0
6,174,64,0,214,32.7,0.247,52,1
1,107,90,23,18,33.8,0.16,21,1
4,141,72,12,35,26.4,0.778,35,1
3,188,55,43,12,27.4,0.757,54,1
3,101,104,20,57,33.8,0.287,29,0
5,73,69,2,49,23.2,0.438,30,0
4,63,83,19,184,34.7,0.436,36,0
5,141,57,4,212,25.0,0.825,26,1
1,63,75,27,38,40.3,0.26,29,0
4,108,74,24,54,50.2,0.151,29,0
3,133,33,34,181,25.3,0.145,26,1
3,125,107,8,131,36.2,0.361,46,1
4,132,93,20,0,26.3,0.28,38,0
2,126,61,0,30,40.1,0.273,35,1
4,158,48,30,43,22.1,0.078,41,0
6,91,75,27,20,35.7,0.596,30,1
6,99,70,27,17,25.2,0.113,24,0
5,96,75,20,3,30.4,0.103,26,0
5,144,72,26,82,24.0,0.25,33,1
4,147,78,44,24,38.4,0.121,21,1
2,133,96,15,4,25.5,0.412,27,0
1,155,79,22,21,36.3,0.218,27,0
4,84,49,3,129,29.3,0.28,56,0
4,170,94,6,152,31.1,0.362,21,0
5,165,100,21,52,33.2,0.107,31,1
3,142,122,36,43,26.1,0.08,51,1
2,173,47,16,304,33.6,0.998,34,0
3,70,73,16,17,43.9,0.267,41,0
3,104,29,13,19,25.9,0.25,34,1
5,97,79,11,27,41.1,0.078,25,1
6,141,58,24,15,43.7,0.324,21,0
4,88,105,0,38,25.6,0.38,35,0
3,142,54,39,193,20.7,0.385,24,0
5,161,36,10,76,34.4,0.577,24,0
6,140,60,30,42,27.7,0.092,27,1
2,128,31,0,217,46.6,0.137,52,1
3,90,83,30,3,32.3,0.782,59,1
3,94,29,30,18,25.7,1.382,35,1
5,157,69,25,66,23.1,0.078,27,0
7,143,29,5,76,40.5,0.324,21,1
7,118,62,23,3,27.5,0.113,38,0
3,107,100,2,41,32.3,0.078,52,1
7,59,75,16,83,39.5,0.185,30,0
4,87,52,35,95,28.2,0.078,21,1
2,177,68,31,81,31.6,0.582,40,1
5,81,69,20,30,31.9,0.359,43,1
3,125,77,5,7,37.3,0.078,21,1
3,150,43,29,44,36.6,0.078,34,0
2,82,80,20,11,30.3,0.776,37,1
2,125,24,0,235,32.5,0.091,32,1
4,148,57,31,51,29.1,0.438,24,1
2,120,59,19,30,20.5,0.193,44,0
4,200,81,38,116,34.0,0.414,28,1
4,69,69,3,55,46.8,0.178,21,0
4,151,42,0,29,25.1,0.078,21,0
3,114,50,24,133,26.0,0.119,46,1
2,143,72,24,161,25.2,0.098,39,1
3,133,67,0,89,37.7,0.263,33,0
1,98,57,5,3,35.5,0.505,28,0
5,126,59,61,66,30.8,0.144,27,0
3,64,82,15,115,24.8,0.078,21,1
3,138,59,30,11,32.7,0.344,28,1
6,128,67,10,20,19.8,0.437,21,0
4,139,110,0,171,33.1,1.548,24,1
3,151,41,17,1,38.8,0.418,29,1
5,131,33,16,111,22.2,0.299,39,0
4,124,83,14,51,20.0,0.4,32,1
1,93,56,18,47,44.3,1.236,41,0
2,98,62,23,0,27.2,0.828,47,0
0,155,54,17,136,40.9,0.183,44,1
5,163,64,1,35,30.8,0.127,38,0
2,112,99,27,62,30.7,0.143,33,1
3,121,84,0,90,35.4,0.33,22,0
0,92,85,0,97,25.1,0.641,41,1
3,155,42,31,249,33.0,0.329,51,1
3,139,47,27,60,29.0,0.078,36,0
4,178,24,19,40,21.7,0.604,54,1
9,93,53,0,245,34.6,0.771,21,0
4,108,87,9,82,29.9,0.161,21,1
4,126,78,16,28,30.8,0.513,42,1
6,139,64,0,10,22.6,0.261,35,1
8,113,68,8,147,44.4,1.034,47,1
3,93,55,29,35,38.8,0.877,32,1
1,146,72,41,86,39.5,0.35,23,0
6,141,83,13,50,29.6,0.553,30,0
6,92,38,31,17,18.5,1.01,21,0
3,160,74,0,73,47.2,0.322,21,0
3,155,86,29,5,31.5,0.177,43,1
5,124,61,7,42,26.2,0.659,42,0
4,122,82,24,63,35.3,0.117,36,1
2,136,122,16,45,41.1,0.231,21,0
4,94,67,39,110,31.8,0.944,29,1
7,120,76,6,140,42.0,0.606,21,0
3,55,54,29,118,40.4,0.243,45,0
3,146,72,15,3,23.6,0.114,26,0
3,73,77,17,17,26.7,0.207,21,0
6,165,72,17,61,39.5,0.157,33,0
3,110,49,7,218,18.2,0.091,25,0
6,113,72,19,144,30.8,0.639,49,1
2,101,96,19,147,20.8,0.137,24,0
7,111,77,23,28,28.3,0.285,21,1
4,162,87,21,44,29.7,0.229,21,1
4,45,64,31,50,29.2,1.89,32,0
1,158,83,33,13,27.7,0.233,26,1
5,130,74,4,2,23.4,0.078,21,0
5,83,50,33,234,49.9,0.078,46,0
2,87,75,2,22,46.6,0.42,40,0
5,170,50,28,21,22.9,0.43,32,1
5,91,56,29,6,44.3,0.255,48,1
1,85,72,0,211,28.9,0.266,40,0
3,154,74,21,69,33.0,0.078,23,1
4,130,46,12,87,31.5,0.342,21,0
1,91,89,8,194,26.9,0.33,41,0
2,126,79,40,33,39.7,0.078,37,1
4,89,55,10,77,33.0,0.078,34,0
4,153,39,7,3,28.3,0.078,23,0
4,151,66,21,16,21.8,0.078,39,1
5,135,60,30,142,25.0,0.442,24,0
2,130,71,17,116,19.2,0.103,31,0
4,172,62,37,34,32.1,0.136,48,1
3,119,30,27,37,22.7,0.09,25,1
3,84,61,0,61,29.9,1.488,21,1
5,133,63,12,0,42.7,0.906,21,1
3,182,81,11,22,41.4,0.123,43,1
3,89,55,27,18,31.7,0.187,35,0
3,109,100,0,23,31.3,0.111,31,0
5,132,32,58,131,46.7,0.318,27,1
5,118,93,27,26,36.1,0.078,38,1
3,90,64,22,17,29.4,0.523,23,0
4,153,85,37,56,20.9,0.348,36,1
5,189,70,55,160,35.1,1.076,24,0
6,125,90,33,22,38.5,0.084,23,0
7,92,61,34,6,27.1,0.766,25,1
3,73,48,21,35,34.3,0.738,28,1
3,127,95,17,110,29.2,0.078,32,1
8,153,66,12,64,30.6,0.239,35,1
3,134,73,7,135,18.2,0.088,21,1
4,119,92,9,256,30.3,0.138,24,0
6,102,49,0,125,39.6,0.144,28,1
6,87,80,18,74,27.1,0.382,49,0
3,145,57,0,54,32.4,0.249,21,1
2,147,66,22,3,26.1,1.387,34,1
6,73,70,19,332,34.8,0.078,49,1
4,167,40,22,38,30.3,1.71,21,1
2,137,54,12,13,24.7,0.123,37,1
5,161,94,66,87,42.4,0.697,24,1
3,79,85,40,26,39.2,0.195,27,1
7,79,67,1,70,27.3,0.078,24,0
4,115,73,23,70,35.9,0.917,24,1
5,135,63,10,47,36.2,0.174,62,1
1,173,94,4,144,37.0,0.505,42,1
8,141,65,0,24,18.8,0.393,45,0
6,112,73,26,47,39.9,0.3,38,1
3,89,90,9,61,27.6,0.322,21,1
0,156,54,34,87,29.2,0.619,37,1
4,91,98,34,122,52.6,0.078,44,1
4,168,39,40,40,34.4,0.518,23,1
3,111,99,7,83,29.0,1.063,43,1
2,167,61,27,13,18.2,0.078,40,1
4,140,64,29,215,42.8,0.078,53,1
3,115,33,12,38,21.5,0.593,28,0
7,104,60,8,104,24.2,0.27,21,0
7,109,49,44,1,29.4,0.243,29,0
3,132,57,23,18,43.0,0.078,48,1
7,122,66,29,53,38.0,0.332,21,0
1,102,87,7,168,30.8,0.078,21,0
2,115,72,1,59,34.4,0.304,33,1
3,122,74,11,212,27.3,0.678,28,1
3,56,48,18,52,33.1,0.14,33,0
2,133,52,4,53,32.6,0.308,43,1
0,90,103,19,10,39.6,2.27,26,1
1,85,55,0,129,39.5,0.545,21,0
3,69,100,3,22,35.9,0.865,55,1
4,66,64,30,183,29.2,0.252,22,0
3,79,69,29,193,37.8,0.686,21,0
5,98,89,14,229,31.3,0.078,45,0
6,178,93,4,58,23.6,0.078,28,1
3,104,66,4,90,28.9,0.107,32,0
2,125,61,14,120,32.7,0.242,38,1
3,132,67,29,11,39.1,0.878,44,1
3,123,75,33,73,30.6,0.2,29,1
2,117,85,12,2,22.6,0.5,49,0
3,84,69,2,55,32.4,0.581,21,0
3,163,80,24,13,32.9,0.415,41,1
7,174,100,7,16,33.4,0.208,23,1
2,69,76,12,36,39.2,0.404,48,0
4,89,74,39,45,39.9,0.197,34,0
3,111,40,32,78,27.4,0.078,25,0
6,91,24,22,6,27.2,2.319,40,1
8,135,76,0,56,23.9,0.078,42,0
5,98,67,23,16,37.5,0.078,40,0
3,184,59,35,68,43.3,0.991,21,1
1,155,73,14,81,29.5,0.169,27,1
3,126,67,40,65,30.1,0.494,32,1
4,150,90,39,107,43.4,0.188,32,1
4,153,70,44,32,35.9,0.233,41,1
1,103,54,24,115,35.4,0.143,21,0
3,95,87,28,45,22.7,0.197,36,0
1,122,64,41,52,37.3,0.249,29,1
1,145,79,26,83,24.8,0.599,23,1
4,124,59,12,1,23.2,0.337,24,0
8,72,56,13,84,29.3,1.351,30,1
3,95,70,23,77,27.4,0.078,21,0
6,117,69,0,29,30.3,0.329,25,1
1,117,78,17,7,20.8,0.412,23,0
4,179,63,36,7,39.5,1.188,38,1
4,78,34,0,205,40.8,0.078,24,1
6,135,60,43,93,18.2,0.401,30,1
1,164,84,36,10,39.6,0.903,49,1
6,188,63,13,35,25.7,0.13,43,0
3,107,64,28,71,38.7,0.982,42,1
5,134,87,20,144,31.5,0.078,27,0
6,137,55,38,3,32.2,0.62,38,1
7,125,39,34,21,30.6,1.271,30,1
5,117,65,0,176,41.5,0.503,30,0
4,133,59,28,0,22.3,0.272,37,1
5,44,50,16,17,36.7,0.078,26,0
4,140,65,21,255,40.6,1.188,49,0
4,123,78,9,76,37.6,0.299,31,0
1,113,68,46,24,50.1,0.078,39,0
4,181,74,35,5,27.9,0.55,49,0
7,99,103,8,2,39.5,0.309,44,1
4,107,62,0,22,31.2,0.078,21,0
2,179,74,14,170,41.6,0.113,37,1
4,95,59,26,43,31.9,0.078,42,0
3,103,52,23,101,29.0,0.401,42,1
3,115,57,38,200,42.2,0.457,21,1
2,145,59,31,41,28.2,0.331,25,1
4,126,75,34,16,21.0,0.798,43,1
4,81,113,24,58,28.0,0.927,24,1
4,104,55,0,190,36.8,0.449,29,0
5,101,61,17,130,42.9,0.078,50,0
7,117,67,35,5,32.9,0.558,32,1
4,132,76,19,94,42.3,0.254,25,0
3,132,74,27,67,21.4,0.392,23,0
0,66,93,15,190,28.5,0.492,36,0
2,151,24,4,10,29.7,0.203,21,1
3,127,24,18,61,31.1,1.17,30,0
3,161,59,24,169,32.7,0.078,36,1
4,133,89,10,42,37.4,0.523,47,1
5,153,39,16,52,28.5,0.078,40,1
5,133,24,5,5,33.1,1.215,25,1
7,160,79,36,26,31.6,0.078,45,1
3,135,73,15,31,24.8,0.078,29,1
5,117,48,41,232,31.1,0.19,21,1
2,188,50,42,26,30.9,0.22,31,1
6,146,50,18,49,30.7,0.113,48,0
5,137,71,4,89,32.2,0.413,34,1
6,81,57,0,14,32.6,0.275,33,1
3,81,78,0,53,28.6,0.078,51,0
2,128,24,0,107,41.9,0.181,21,0
1,124,52,40,161,22.9,0.782,21,0
2,101,47,21,78,26.4,0.55,21,0
3,124,64,25,88,53.7,0.607,37,1
2,167,58,0,10,23.9,0.563,34,0
7,140,84,2,233,21.4,0.175,49,1
2,85,33,33,11,37.7,0.078,35,1
3,116,69,24,119,18.2,0.15,28,0
0,95,79,17,24,30.2,0.838,33,0
4,108,104,28,216,48.7,1.85,34,0
0,107,59,44,101,19.9,0.32,21,0
4,105,75,16,112,18.2,0.078,62,1
6,82,34,21,19,20.3,0.078,38,1
3,116,24,22,46,39.0,0.183,35,1
4,103,85,55,76,40.8,0.406,39,1
4,44,68,0,117,28.0,0.078,40,0
2,181,91,30,8,37.3,1.349,31,1
5,152,42,18,262,42.8,0.214,26,0
4,108,78,28,176,45.9,1.145,39,1
4,120,104,10,25,30.1,0.713,37,0
1,84,76,19,138,18.2,0.662,24,0
4,170,74,30,58,25.6,0.439,48,1
3,176,69,66,49,28.7,0.463,36,1
5,124,39,32,30,30.0,0.478,41,1
2,150,94,7,69,30.5,0.466,48,0
5,125,57,13,104,40.7,0.379,33,1
7,79,78,13,42,41.9,2.02,36,1
2,107,39,0,79,30.7,0.619,41,1
10,123,46,15,96,40.6,0.705,25,0
5,106,96,30,99,34.8,0.968,33,1
3,113,62,0,4,32.5,0.114,34,0
0,117,96,35,157,39.1,0.078,22,0
4,117,67,27,49,32.6,0.31,58,1
3,121,34,8,24,48.1,0.339,21,1
1,88,85,17,22,20.8,0.831,21,0
3,98,57,43,52,28.0,0.276,47,0
3,81,82,31,174,31.0,0.398,40,0
7,149,69,20,38,35.4,0.352,21,1
5,56,39,16,110,41.9,0.078,39,1
2,154,72,21,8,31.8,0.449,49,0
2,161,110,12,51,20.9,0.827,32,0
1,110,78,0,383,38.6,0.081,61,0
6,44,67,50,117,37.9,0.424,21,0
7,109,89,22,18,18.2,0.423,40,0
4,118,73,25,55,32.0,0.084,45,0
3,89,72,19,21,19.6,0.078,42,0
3,104,48,8,42,26.8,1.84,30,1
6,165,73,17,121,25.0,0.235,29,1
4,139,88,0,118,38.3,0.121,37,0
2,92,53,54,20,32.9,0.088,41,0
2,72,96,1,204,22.0,0.518,39,0
3,110,67,4,71,38.9,0.442,44,1
1,113,52,13,38,20.8,0.485,21,0
7,134,87,39,55,34.6,0.078,30,1
4,103,63,20,74,25.7,1.053,22,1
7,135,83,1,65,29.1,0.232,28,0
6,178,63,38,53,35.9,0.177,44,1
5,144,67,30,56,36.1,0.292,34,1
7,118,78,28,15,42.4,0.232,61,1
6,114,74,30,134,31.4,0.936,35,1
8,109,31,55,62,34.4,1.245,33,1
4,155,47,52,11,28.6,0.17,34,0
1,101,86,9,116,33.4,0.937,25,1
0,121,66,44,215,35.4,0.715,32,0
6,121,59,25,235,31.2,1.255,45,1
3,104,43,27,36,18.2,0.133,34,1
5,78,48,0,11,34.6,0.404,24,1
3,129,30,17,58,34.8,0.151,22,1
8,118,67,7,9,26.7,0.817,28,0
2,135,57,32,217,22.0,0.078,33,0
3,103,50,36,16,43.5,0.391,46,1
3,156,67,0,23,35.8,0.195,21,1
4,93,75,19,41,30.2,0.183,29,1
1,171,108,36,38,23.1,0.487,34,1
5,67,40,17,126,25.6,0.896,21,0
2,133,91,30,48,42.2,0.442,23,1
3,134,87,25,14,33.1,0.902,25,0
3,96,54,25,24,27.7,0.144,24,0
5,132,72,15,56,36.0,0.344,35,1
3,158,60,1,12,25.6,0.281,31,1
4,53,72,3,75,43.7,0.078,26,1
2,135,97,30,66,42.6,0.382,37,0
3,45,80,20,100,28.4,0.509,51,1
1,91,78,17,222,27.1,0.421,51,0
5,168,60,13,194,18.2,0.626,21,1
4,102,40,15,233,20.4,0.398,39,0
4,84,65,35,22,21.6,0.078,31,1
4,114,91,14,11,33.1,0.078,34,0
5,182,39,0,28,29.5,0.427,28,0
3,65,48,31,180,21.5,0.151,34,0
0,88,71,16,286,29.8,0.078,34,0
4,164,50,20,156,35.9,0.264,26,1
3,175,53,44,9,36.1,0.38,23,1
5,116,60,19,235,18.2,0.187,28,1
3,82,43,24,44,31.0,0.599,35,0
2,182,50,2,0,21.2,0.485,39,1
1,167,82,16,46,39.0,0.19,42,0
4,140,44,29,3,38.1,0.661,27,1
9,95,38,0,62,25.0,0.492,36,0
2,118,57,23,33,26.0,0.477,43,0
6,115,82,21,51,28.4,0.379,45,1
5,129,65,20,75,18.2,0.078,32,0
3,163,60,35,162,34.6,0.56,30,1
3,146,69,25,86,29.9,0.222,35,1
2,87,35,42,45,39.6,1.343,21,1
4,161,78,5,136,23.4,0.801,30,0
3,129,76,22,188,27.2,0.416,41,0
1,140,61,21,10,20.2,0.137,40,0
5,163,88,3,60,24.2,0.107,30,1
3,86,47,34,26,22.8,0.196,35,0
6,118,90,54,3,39.8,0.304,23,1
5,104,71,19,88,26.6,0.165,40,1
3,72,62,27,158,33.0,0.34,32,1
7,130,68,21,14,29.0,0.085,29,0
3,195,66,9,133,22.1,1.788,29,1
1,64,92,0,153,30.7,0.078,32,0
0,119,48,9,196,36.7,1.263,28,0
4,139,54,0,24,22.6,1.151,40,1
0,123,88,45,187,38.3,0.35,28,1
3,116,57,18,30,25.4,0.607,50,1
2,81,86,14,64,28.2,0.269,49,0
2,126,101,33,4,36.1,0.467,23,1
2,97,61,3,3,26.8,0.196,33,0
6,54,81,8,101,32.3,0.168,25,0
4,155,47,21,47,29.5,0.406,29,0
4,148,83,35,23,33.0,0.324,55,1
3,121,72,27,16,18.2,0.407,29,0
4,126,77,23,88,18.2,0.159,36,1
0,152,56,21,0,36.8,0.215,38,1
3,126,37,26,131,40.1,0.078,21,0
3,147,78,23,6,24.9,0.078,23,1
8,111,29,4,17,30.1,0.137,21,1
4,159,62,20,39,34.3,0.078,23,1
4,129,86,3,53,37.4,0.078,21,1
4,125,72,21,35,18.2,0.788,38,0
2,81,106,12,30,25.1,0.078,55,1
5,128,88,58,265,29.4,0.506,34,1
2,95,56,19,82,37.5,0.15,21,0
5,100,69,0,1,51.5,0.965,25,1
3,95,68,17,44,30.2,0.312,27,0
4,88,38,27,166,21.0,0.171,21,0
5,183,51,45,28,35.1,0.343,42,1
4,159,58,11,7,42.3,0.226,41,1
9,177,30,0,113,32.8,0.39,21,1
3,83,69,32,74,24.9,0.078,40,0
2,122,64,0,67,39.5,2.42,49,1
4,81,37,13,4,37.2,0.261,53,0
6,99,76,16,12,24.0,0.201,64,1
4,92,82,18,77,35.0,0.582,23,0
3,157,73,30,18,39.8,0.213,64,1
5,108,62,9,56,41.2,0.842,29,0
3,152,80,15,62,31.5,0.285,26,1
1,138,81,19,26,29.2,0.598,36,0
2,189,74,22,237,41.6,0.078,26,1
1,75,53,21,147,22.6,0.88,37,0
9,157,74,26,102,35.4,0.625,21,1
2,154,91,32,6,21.3,0.112,30,1
7,90,57,25,8,40.3,0.078,47,0
2,150,108,26,54,30.0,0.179,32,0
5,130,59,0,14,41.9,1.754,34,1
0,113,69,20,306,35.8,0.14,38,1
3,95,56,27,13,22.5,0.286,45,0
9,98,73,30,53,43.1,0.078,21,0
6,181,35,9,36,44.1,0.238,39,1
8,120,58,10,81,38.9,0.398,30,1
5,143,48,11,11,26.1,1.438,34,1
5,96,71,28,45,29.6,0.342,44,1
4,96,87,35,25,33.1,0.804,21,1
3,152,81,13,174,26.5,0.372,21,1
9,79,24,33,3,45.2,0.078,21,1
5,107,107,21,196,33.1,0.178,26,0
1,121,74,18,143,18.2,0.403,47,0
2,123,54,16,28,34.6,1.414,31,1
6,114,71,31,124,29.3,0.921,21,0
4,131,72,24,2,31.4,0.122,27,1
5,140,56,54,272,29.1,0.117,21,0
2,142,72,7,59,38.3,0.106,21,0
4,90,57,27,28,40.7,1.202,37,0
1,111,61,12,36,34.2,0.9,21,1
3,155,55,6,5,29.4,0.701,45,1
3,146,41,19,363,31.7,0.234,32,1
5,78,71,22,3,32.2,0.33,33,0
2,130,80,63,85,25.7,0.293,29,1
2,60,78,17,46,36.5,0.137,41,0
3,121,84,3,237,35.6,0.331,41,1
2,176,75,24,22,44.0,0.078,36,1
4,91,58,0,60,41.8,0.078,39,1
4,94,84,18,52,26.7,1.023,30,1
2,142,43,20,97,38.4,0.655,38,1
2,73,51,31,5,24.6,0.258,29,0
7,101,50,34,17,37.4,0.342,33,1
6,137,89,12,19,28.0,0.217,29,0
6,100,86,17,107,24.0,0.635,27,1
3,112,78,8,16,34.2,0.721,25,1
3,142,89,3,68,18.2,0.677,38,0
5,132,52,24,19,18.3,0.603,47,1
3,128,75,0,158,30.6,0.108,45,0
2,109,66,13,228,32.6,0.194,21,0
5,131,85,5,58,29.1,0.298,47,1
3,116,66,28,34,19.7,0.189,29,1
5,133,61,47,21,25.6,0.661,39,1
3,105,79,0,4,35.1,0.188,23,0
0,114,85,0,25,36.5,0.078,34,0
6,90,56,18,84,31.9,0.239,36,0
3,118,67,20,61,41.0,1.837,21,1
