Age,Gender,Total_Bilirubin,Direct_Bilirubin,Alkaline_Phosphotase,Alamine_Aminotransferase,Aspartate_Aminotransferase,Total_Protiens,Albumin,Albumin_and_Globulin_Ratio,target
53.0,0,2.05,1.1,563.1,10.1,296.4,6.6,2.81,0.74,0
43.0,0,6.69,2.19,430.5,33.2,13.9,7.03,3.25,0.86,0
55.0,1,4.29,2.04,266.0,12.4,298.3,5.48,2.41,0.79,0
69.0,1,4.48,1.99,274.3,95.1,126.6,7.72,4.49,1.39,0
41.0,1,1.83,0.9,411.0,18.6,83.4,4.96,2.74,1.23,0
41.0,1,1.4,0.45,570.6,40.1,10.0,5.86,3.14,1.15,0
70.0,1,1.53,0.73,313.7,182.4,70.9,7.16,3.29,0.85,0
57.0,1,14.5,6.79,525.4,18.4,57.6,7.61,3.33,0.78,0
37.0,0,0.4,0.19,261.6,57.2,19.3,4.95,2.73,1.23,0
54.0,0,6.66,3.2,404.8,43.9,117.4,9.36,4.63,0.98,0
37.0,1,2.85,1.43,422.7,10.0,389.7,5.5,2.45,0.8,1
37.0,0,1.91,1.03,241.4,127.0,90.8,5.05,2.64,1.1,0
49.0,1,4.26,1.62,200.9,10.0,137.9,7.03,2.87,0.69,0
14.0,0,2.2,1.2,428.0,51.9,10.0,6.1,2.84,0.87,0
17.0,1,6.82,3.07,226.8,66.4,59.4,5.94,2.93,0.98,0
36.0,1,7.62,2.46,183.3,79.9,13.6,7.13,3.06,0.75,0
28.0,0,1.81,0.57,208.5,94.2,104.3,4.82,2.87,1.48,0
50.0,1,1.07,0.43,226.3,23.6,306.5,4.62,2.04,0.79,0
30.0,1,2.96,1.59,393.4,10.0,119.1,5.83,2.48,0.74,0
22.0,1,8.03,4.12,352.4,103.7,10.0,7.65,3.37,0.79,0
68.0,1,0.78,0.42,376.5,61.9,48.1,5.88,3.25,1.24,0
41.0,1,3.22,1.47,341.1,146.0,87.9,8.22,3.99,0.94,0
46.0,1,3.29,1.42,219.3,139.0,56.7,7.79,4.0,1.05,0
22.0,1,4.36,1.5,374.2,149.6,197.1,6.79,2.74,0.68,1
36.0,1,0.47,0.19,432.5,53.6,185.3,6.85,2.79,0.69,0
47.0,1,4.15,1.79,360.7,32.8,104.0,6.79,3.32,0.96,0
26.0,1,7.91,2.58,344.5,126.6,51.4,6.65,3.75,1.29,0
51.0,0,0.65,0.24,198.5,48.4,32.4,6.08,3.51,1.36,0
35.0,1,0.89,0.43,316.0,16.4,12.3,6.21,2.59,0.72,0
40.0,1,11.73,6.11,192.2,155.8,48.2,5.31,2.7,1.03,1
35.0,1,0.66,0.39,287.7,172.9,58.6,4.07,2.37,1.4,0
75.0,0,6.36,3.69,93.7,50.7,123.8,7.68,3.67,0.91,0
45.0,1,2.24,1.1,94.7,10.0,118.0,6.65,3.76,1.3,0
28.0,1,0.94,0.4,267.7,39.6,10.0,6.49,2.77,0.74,0
58.0,1,6.75,3.31,224.8,131.3,55.3,6.91,4.06,1.42,0
25.0,1,1.94,1.04,303.4,187.3,22.1,5.58,3.07,1.22,0
48.0,1,2.39,0.8,274.4,18.4,18.7,5.39,3.17,1.43,0
13.0,0,1.47,0.62,294.2,10.0,193.0,6.17,3.3,1.15,0
23.0,0,2.97,1.64,363.6,169.4,10.0,7.97,3.77,0.9,0
48.0,1,0.59,0.24,235.0,39.8,59.7,5.21,3.06,1.43,0
57.0,1,1.64,0.77,264.2,63.0,20.2,3.62,1.65,0.84,0
48.0,0,11.51,5.48,465.2,278.0,232.4,5.91,2.76,0.87,1
43.0,1,0.99,0.35,291.0,10.0,89.5,7.73,4.17,1.17,0
40.0,1,3.53,1.44,269.1,84.3,28.9,4.59,2.54,1.24,0
21.0,1,1.3,0.52,300.5,10.0,76.7,5.19,3.04,1.41,0
33.0,1,4.9,1.51,271.2,38.0,144.5,6.77,2.98,0.79,0
37.0,1,0.46,0.14,205.4,131.5,348.7,9.28,5.19,1.27,0
62.0,1,11.55,6.35,170.8,45.9,27.4,5.0,2.74,1.21,0
50.0,0,2.0,0.76,199.0,473.9,238.9,4.96,2.05,0.7,1
16.0,0,0.89,0.4,395.3,66.1,299.3,6.85,3.27,0.91,0
50.0,1,0.4,0.16,215.0,31.3,272.8,7.79,3.56,0.84,0
39.0,1,0.61,0.36,272.0,20.1,110.9,5.8,2.67,0.85,0
34.0,0,2.42,0.91,374.7,34.8,109.2,4.71,2.81,1.48,0
55.0,0,1.36,0.58,257.2,37.6,56.7,6.95,3.67,1.12,0
61.0,1,5.83,3.27,366.6,10.0,153.4,7.15,3.89,1.19,0
60.0,0,1.86,1.03,105.7,37.2,83.3,8.42,5.01,1.47,0
31.0,0,0.94,0.34,274.7,50.4,124.4,7.2,3.42,0.91,0
40.0,1,3.17,1.71,300.0,103.5,61.5,7.38,4.14,1.27,0
50.0,1,4.05,1.77,293.4,86.3,144.5,6.19,3.02,0.95,0
61.0,1,0.6,0.27,92.2,99.6,191.2,9.14,5.25,1.35,0
37.0,1,0.61,0.21,435.0,10.0,17.4,6.05,2.64,0.77,0
42.0,1,0.4,0.13,188.0,19.8,196.7,5.81,3.43,1.44,0
27.0,0,4.4,2.28,330.8,87.5,85.4,8.45,3.75,0.8,0
25.0,1,3.6,1.61,291.5,53.4,204.7,4.87,2.27,0.87,0
58.0,1,2.12,0.92,411.0,10.0,62.0,4.47,2.46,1.23,0
67.0,1,6.13,3.18,553.1,131.7,52.4,6.61,3.16,0.92,0
44.0,1,5.41,2.86,135.7,119.6,271.0,6.48,3.38,1.09,1
61.0,0,2.91,1.01,212.7,64.2,31.8,6.23,3.05,0.96,0
51.0,1,6.69,3.23,313.3,10.0,204.4,7.56,4.15,1.21,0
34.0,1,0.76,0.26,157.9,117.4,72.7,5.49,2.45,0.8,0
51.0,1,0.4,0.21,384.4,70.7,79.3,6.55,2.7,0.7,0
70.0,1,1.04,0.52,391.8,122.9,40.5,6.09,2.8,0.85,0
44.0,1,0.4,0.23,357.7,112.5,93.5,5.51,2.73,0.98,0
70.0,1,2.5,0.8,319.0,131.1,43.2,6.41,2.78,0.77,0
10.0,1,9.1,2.89,454.9,58.9,10.0,7.41,3.49,0.89,0
58.0,1,0.4,0.15,151.9,12.2,34.9,8.79,4.22,0.92,0
46.0,1,0.43,0.16,298.4,89.8,10.0,7.11,2.93,0.7,0
40.0,1,1.99,0.74,201.9,78.2,421.3,3.74,1.93,1.07,1
46.0,0,8.96,5.13,397.4,109.4,370.8,6.44,3.71,1.36,1
13.0,1,1.25,0.47,70.6,15.0,55.3,6.53,2.81,0.76,0
41.0,1,2.34,0.89,287.2,17.5,143.2,7.5,3.9,1.08,0
51.0,1,0.4,0.21,330.8,178.5,46.6,6.68,3.56,1.14,0
69.0,1,0.53,0.23,176.9,111.9,122.2,7.85,3.8,0.94,0
36.0,1,14.24,7.59,215.4,192.8,179.9,6.91,3.73,1.17,1
32.0,1,11.07,3.54,292.4,114.8,322.4,8.18,3.94,0.93,1
37.0,0,0.4,0.18,405.2,73.4,56.2,6.0,3.01,1.0,0
60.0,1,10.01,3.1,166.6,85.7,168.1,6.64,2.66,0.67,1
50.0,1,3.36,1.07,187.6,177.5,34.0,7.38,3.97,1.17,0
36.0,1,6.68,3.82,425.7,69.8,509.9,5.86,3.12,1.14,1
53.0,0,2.0,0.68,257.8,80.8,10.0,5.62,2.29,0.69,0
46.0,1,2.39,1.1,197.3,13.7,101.7,5.79,2.74,0.9,0
60.0,1,2.21,0.94,378.0,51.8,118.4,5.66,3.37,1.47,0
33.0,1,3.63,1.47,232.0,101.7,128.0,7.05,3.41,0.94,0
39.0,1,0.5,0.28,413.9,25.5,14.1,4.48,2.24,1.0,0
38.0,1,0.4,0.12,210.9,18.2,306.6,4.78,2.78,1.39,0
21.0,0,1.21,0.61,271.4,30.4,22.0,8.51,4.62,1.19,0
50.0,1,4.03,2.37,404.0,22.3,107.1,5.69,2.94,1.07,0
49.0,1,0.74,0.35,263.4,19.5,27.7,6.7,3.75,1.27,0
45.0,1,3.69,2.15,381.3,44.6,40.3,4.86,2.78,1.34,0
41.0,1,11.56,3.65,282.7,192.4,86.9,6.58,3.23,0.97,1
22.0,1,0.4,0.17,528.4,57.1,59.3,5.7,2.82,0.98,0
38.0,1,3.68,1.39,478.8,16.8,19.2,4.78,2.28,0.91,0
39.0,0,1.94,1.01,131.2,10.0,20.6,7.94,4.71,1.46,0
32.0,1,6.69,3.97,353.2,96.1,59.5,7.77,4.19,1.17,0
42.0,1,0.64,0.24,192.6,38.9,155.6,6.36,2.65,0.71,0
51.0,1,3.89,1.93,313.6,139.2,250.9,7.57,4.33,1.34,0
75.0,1,6.01,2.16,298.8,87.0,10.0,8.55,4.24,0.98,0
48.0,1,9.55,4.48,163.9,128.4,54.9,7.3,3.02,0.71,0
49.0,1,3.79,1.67,417.6,25.6,11.6,7.0,3.57,1.04,0
44.0,1,2.27,1.34,315.0,95.1,10.0,6.7,3.24,0.94,0
14.0,0,3.17,1.53,256.4,24.7,119.1,7.19,4.14,1.36,0
44.0,0,6.71,2.71,238.0,225.8,101.4,6.08,2.68,0.79,1
46.0,1,2.79,0.93,307.4,81.6,19.6,6.18,3.49,1.3,0
85.0,1,0.4,0.14,339.5,31.7,29.3,6.97,3.57,1.05,0
42.0,1,8.82,3.24,275.6,25.3,10.0,5.96,2.45,0.7,0
50.0,1,3.86,1.45,60.0,17.1,198.0,6.08,3.61,1.47,0
44.0,1,3.72,2.07,292.6,95.7,404.1,6.48,3.26,1.01,1
26.0,1,0.8,0.38,117.6,19.9,16.0,7.73,3.54,0.85,0
63.0,1,3.55,1.62,265.4,73.0,28.9,5.25,2.59,0.98,0
57.0,1,1.65,0.55,122.0,24.8,222.9,7.31,4.18,1.33,0
58.0,1,3.48,1.94,120.6,87.5,286.9,7.34,3.39,0.86,0
30.0,1,0.4,0.21,438.8,136.2,59.8,7.34,3.22,0.78,0
67.0,1,3.54,1.13,252.2,121.5,10.0,5.6,2.38,0.74,0
22.0,1,24.56,12.58,243.0,115.5,10.0,4.63,2.13,0.85,1
54.0,1,0.4,0.19,348.5,16.8,93.8,7.09,3.94,1.25,0
80.0,1,12.47,4.05,246.1,10.0,54.9,6.68,3.3,0.98,0
29.0,0,1.72,0.75,543.0,96.9,10.0,7.57,3.37,0.8,0
36.0,1,6.75,3.01,257.8,37.1,96.2,5.72,2.48,0.76,0
46.0,1,5.03,1.76,334.4,45.7,10.0,7.31,3.41,0.87,0
37.0,1,2.76,1.61,407.1,10.0,170.2,7.63,4.49,1.43,0
20.0,1,4.43,2.46,482.9,24.3,40.2,6.38,2.99,0.88,0
46.0,1,6.96,3.48,201.5,10.0,10.0,6.93,4.14,1.49,0
28.0,1,1.71,0.75,240.4,170.6,97.6,6.9,3.43,0.99,0
52.0,0,1.31,0.55,443.5,22.5,55.7,5.58,2.43,0.77,0
30.0,0,3.63,1.8,387.8,65.8,400.3,7.06,4.08,1.37,0
70.0,1,5.44,2.52,419.6,10.0,86.4,8.25,4.06,0.97,0
32.0,1,4.74,1.51,126.3,88.7,35.4,6.5,3.52,1.18,0
40.0,1,5.28,2.39,476.3,31.5,135.8,4.89,2.92,1.48,0
58.0,1,1.89,1.02,199.2,184.2,34.8,5.73,2.35,0.7,0
25.0,0,5.62,2.46,313.7,176.8,257.8,4.54,1.9,0.72,1
48.0,1,0.42,0.13,272.8,31.8,51.6,7.89,4.29,1.19,0
66.0,1,2.59,1.39,185.2,186.6,87.7,7.31,3.34,0.84,0
19.0,1,0.4,0.14,121.1,448.9,10.0,5.93,2.59,0.78,1
48.0,1,1.3,0.49,81.3,140.9,61.0,4.93,2.01,0.69,0
49.0,1,1.51,0.53,304.9,150.4,196.3,5.57,2.25,0.68,1
57.0,1,1.66,0.66,107.5,23.1,180.0,5.78,3.21,1.25,0
25.0,1,3.92,2.07,154.5,69.4,27.9,6.6,2.82,0.74,0
23.0,0,1.62,0.74,264.4,10.0,28.2,6.56,3.24,0.97,0
53.0,0,1.97,0.71,60.0,10.0,186.8,7.94,4.14,1.09,0
50.0,1,0.89,0.5,384.1,549.3,292.9,5.72,2.78,0.94,1
49.0,1,1.54,0.87,60.0,31.9,11.0,4.84,1.96,0.68,0
50.0,1,0.85,0.48,281.3,111.3,65.7,5.22,2.91,1.26,0
34.0,1,0.4,0.15,292.4,132.6,45.2,6.45,2.6,0.67,0
49.0,1,3.05,1.33,355.1,157.6,224.8,5.69,3.14,1.23,1
49.0,1,3.64,2.17,285.6,487.8,10.0,6.16,3.57,1.37,1
33.0,1,3.19,1.7,532.7,22.3,26.1,5.99,2.91,0.95,0
75.0,1,2.05,0.63,316.5,10.0,153.5,7.56,3.83,1.03,0
52.0,1,1.58,0.5,417.0,42.7,10.0,5.84,2.89,0.98,0
25.0,1,6.57,2.88,203.8,11.2,74.6,6.07,2.9,0.92,0
55.0,0,2.42,1.38,305.1,10.0,64.1,7.26,4.19,1.37,0
29.0,0,2.15,0.99,476.3,36.1,44.7,5.86,3.39,1.37,0
57.0,1,0.4,0.18,262.1,123.6,55.2,6.94,3.24,0.88,0
64.0,0,1.38,0.46,313.6,67.4,83.0,6.84,3.58,1.1,0
31.0,1,1.58,0.78,408.3,30.3,19.3,6.63,3.88,1.41,0
60.0,0,1.68,0.92,201.5,85.7,93.3,5.24,3.11,1.45,0
51.0,0,2.86,1.19,60.0,21.3,179.9,7.82,3.92,1.01,0
58.0,1,2.52,1.34,321.2,10.0,156.9,8.9,4.37,0.96,0
75.0,1,3.09,1.82,409.2,116.7,18.4,6.49,2.96,0.84,0
41.0,1,4.78,1.73,128.4,78.9,17.8,5.34,3.16,1.45,0
33.0,1,5.53,2.53,371.0,116.0,34.3,6.51,2.79,0.75,0
30.0,1,4.18,1.61,371.8,10.0,49.2,7.56,3.9,1.07,0
32.0,1,10.27,5.52,60.0,146.5,57.7,5.81,2.65,0.84,1
44.0,1,0.4,0.19,178.2,78.0,125.1,6.34,2.89,0.84,0
50.0,0,0.72,0.35,243.1,66.9,10.0,6.85,3.3,0.93,0
49.0,0,0.4,0.22,269.0,79.1,10.0,7.79,4.67,1.5,0
58.0,1,3.44,1.44,201.4,161.3,54.7,7.33,3.01,0.7,0
45.0,1,7.53,4.33,194.9,71.4,131.3,7.37,3.8,1.06,0
68.0,1,0.92,0.42,491.2,70.2,23.6,6.02,2.51,0.71,0
40.0,1,8.64,3.0,277.7,377.4,112.7,6.92,2.98,0.76,1
89.0,0,0.4,0.2,207.2,114.1,33.1,5.69,2.78,0.95,0
55.0,1,8.99,4.84,285.6,47.1,238.8,7.4,3.72,1.01,0
31.0,1,1.43,0.56,355.0,99.2,248.4,7.73,3.49,0.82,0
27.0,1,0.4,0.22,296.8,39.8,38.8,7.08,3.28,0.86,0
53.0,1,2.2,1.26,265.9,21.0,28.7,6.08,2.54,0.72,0
41.0,1,0.98,0.38,212.6,73.3,58.2,6.26,2.88,0.85,0
56.0,0,1.11,0.66,211.1,212.6,30.2,8.45,5.01,1.46,0
52.0,1,1.21,0.41,218.8,213.6,122.6,6.1,3.59,1.43,0
44.0,1,5.36,1.93,331.2,33.8,192.2,7.62,3.56,0.88,0
31.0,1,2.56,0.91,171.3,60.5,122.9,6.85,3.52,1.06,0
20.0,0,1.23,0.7,337.8,19.2,191.2,6.12,3.56,1.39,0
38.0,0,3.11,1.54,460.1,438.5,55.6,5.01,2.01,0.67,1
59.0,1,4.16,1.44,329.7,320.4,18.7,6.71,3.77,1.28,1
48.0,1,1.05,0.45,246.2,84.6,147.2,6.58,3.88,1.44,0
25.0,1,1.76,0.85,134.8,131.7,49.1,8.45,3.53,0.72,0
48.0,1,0.43,0.14,480.0,101.3,122.3,5.54,2.4,0.76,0
51.0,0,0.66,0.37,150.2,72.6,34.7,8.98,5.32,1.45,0
30.0,1,3.77,2.04,392.4,10.0,10.0,6.89,3.5,1.03,0
47.0,1,0.66,0.3,367.2,49.0,539.0,6.89,2.78,0.67,1
46.0,1,2.46,1.45,262.2,90.7,18.7,5.83,2.63,0.82,0
26.0,1,4.07,1.73,259.0,91.3,490.0,6.82,3.34,0.96,1
51.0,1,0.4,0.24,70.3,37.7,416.0,7.0,3.77,1.17,0
54.0,1,2.76,1.38,330.2,229.4,173.5,7.5,4.1,1.21,0
62.0,1,0.98,0.48,365.0,14.8,118.4,5.41,3.24,1.49,0
62.0,1,10.87,3.8,159.9,56.0,94.8,8.01,3.67,0.84,0
22.0,1,2.18,1.23,271.9,94.8,221.0,6.87,3.49,1.03,0
30.0,1,5.41,2.32,295.1,96.4,37.6,7.14,3.62,1.03,0
53.0,1,2.64,0.92,360.7,84.4,69.3,6.24,3.0,0.93,0
53.0,1,0.4,0.12,291.0,26.0,106.2,5.47,2.37,0.77,0
53.0,1,3.31,1.55,95.4,13.7,58.2,6.56,3.91,1.47,0
90.0,1,9.98,4.57,227.0,81.6,61.3,6.68,3.81,1.33,0
54.0,1,3.04,1.57,317.5,73.8,44.1,4.97,2.48,1.0,0
63.0,1,5.64,3.2,391.6,16.0,91.3,7.34,3.82,1.09,0
60.0,1,7.11,2.3,216.5,98.6,208.9,7.57,3.37,0.8,0
55.0,0,0.85,0.44,553.1,49.0,24.7,5.68,2.89,1.04,0
40.0,1,0.79,0.28,63.2,88.9,299.5,5.37,2.89,1.17,0
57.0,1,3.12,1.74,222.9,146.6,128.4,6.15,3.09,1.01,0
32.0,1,1.75,0.95,280.6,15.0,190.5,6.51,3.89,1.49,0
41.0,1,6.04,2.79,266.5,10.0,89.3,6.19,3.23,1.09,0
37.0,1,7.6,3.9,142.7,121.9,166.2,6.41,3.04,0.9,0
46.0,1,1.44,0.57,344.3,75.9,10.0,6.72,3.73,1.24,0
82.0,1,0.89,0.39,335.1,97.1,187.5,4.99,2.17,0.77,0
15.0,1,5.0,2.73,296.3,147.0,10.0,5.11,2.44,0.91,0
56.0,1,1.06,0.46,330.4,131.0,242.5,3.51,1.65,0.88,1
19.0,0,5.71,2.32,239.7,261.7,530.2,7.51,3.65,0.95,1
37.0,1,1.82,0.82,96.5,62.0,38.3,6.5,3.61,1.25,0
62.0,1,3.63,1.99,204.6,54.1,26.0,7.62,3.79,0.99,0
46.0,1,0.4,0.16,309.4,41.5,159.3,5.24,2.93,1.27,0
27.0,1,3.23,1.14,310.1,13.5,32.1,6.51,3.35,1.06,0
33.0,1,1.98,1.02,295.5,68.6,220.6,6.71,3.15,0.88,0
56.0,1,2.92,1.6,356.4,26.2,11.9,5.87,3.3,1.28,0
33.0,1,0.61,0.2,220.8,205.2,14.8,4.79,2.14,0.81,0
48.0,0,4.41,1.64,293.8,70.6,425.4,8.38,3.73,0.8,1
45.0,0,6.55,2.25,359.2,72.5,123.1,8.01,4.01,1.0,0
34.0,1,0.81,0.33,280.4,35.4,206.3,6.06,2.74,0.83,0
79.0,1,0.4,0.17,141.4,10.0,43.1,7.04,2.83,0.67,0
55.0,1,0.4,0.21,175.2,10.0,124.0,5.95,3.15,1.13,0
12.0,1,3.39,1.68,390.3,44.4,99.1,5.4,2.71,1.01,0
48.0,1,3.08,1.5,457.7,10.0,101.6,8.47,4.14,0.96,0
34.0,0,2.61,1.06,431.6,75.3,126.1,4.68,2.77,1.46,0
59.0,1,0.87,0.48,318.4,171.8,94.1,6.17,3.17,1.06,0
32.0,0,1.64,0.72,146.2,173.1,61.6,6.57,3.76,1.34,0
43.0,1,2.98,1.77,289.8,86.8,35.5,8.28,3.54,0.75,0
53.0,1,2.27,1.11,478.1,19.2,160.9,7.46,3.83,1.06,0
59.0,1,14.54,4.91,364.8,160.4,28.2,4.66,2.67,1.35,1
25.0,0,0.48,0.24,265.7,175.3,129.6,6.48,3.35,1.07,0
39.0,1,3.92,1.56,366.0,17.7,29.2,6.5,3.54,1.19,0
37.0,0,1.71,0.86,138.3,107.9,107.9,6.23,2.96,0.9,0
34.0,1,1.84,0.59,207.1,27.2,151.1,7.16,2.99,0.72,0
73.0,1,4.17,1.47,160.5,131.0,27.1,4.94,2.43,0.97,0
51.0,0,3.89,2.17,346.9,475.5,10.0,6.03,2.89,0.92,1
24.0,1,15.64,5.76,376.3,10.0,15.4,7.0,4.01,1.34,0
60.0,1,0.45,0.25,272.1,183.7,102.4,7.22,3.24,0.81,0
79.0,1,0.4,0.15,185.8,78.7,208.1,6.64,3.94,1.46,0
61.0,0,4.25,2.1,288.2,292.7,10.0,6.17,3.65,1.45,1
20.0,0,2.85,1.45,232.2,50.5,145.6,6.35,2.85,0.82,0
37.0,1,1.06,0.48,195.0,151.7,45.9,7.29,3.42,0.89,0
65.0,1,0.4,0.16,331.3,10.0,71.6,6.52,3.77,1.38,0
33.0,0,0.4,0.15,199.6,33.0,290.5,5.34,3.17,1.46,0
52.0,1,7.41,2.3,102.6,10.0,44.3,5.14,2.51,0.96,0
57.0,1,0.7,0.28,129.3,298.8,68.8,4.86,2.25,0.87,1
30.0,0,1.29,0.64,98.2,137.1,10.0,8.07,4.08,1.02,0
44.0,1,0.85,0.49,320.3,154.5,10.0,7.36,3.96,1.16,0
10.0,1,1.45,0.81,308.6,224.4,32.9,6.36,2.89,0.83,0
28.0,1,0.4,0.21,302.6,10.0,10.0,5.99,3.28,1.21,0
41.0,0,2.42,1.3,361.1,39.3,109.7,5.85,2.4,0.7,0
25.0,0,0.4,0.2,433.6,10.0,61.1,7.67,3.14,0.69,0
71.0,0,5.32,2.01,219.5,19.1,87.3,8.56,4.08,0.91,0
22.0,1,0.88,0.5,339.4,21.0,21.1,5.82,2.74,0.89,0
38.0,0,2.56,1.28,101.0,51.1,38.6,7.72,3.58,0.86,0
47.0,0,7.0,3.28,456.0,25.2,119.8,6.51,3.24,0.99,0
68.0,1,3.47,1.16,141.2,10.0,369.4,6.25,2.9,0.87,0
22.0,0,2.51,1.09,205.4,14.8,10.0,8.12,3.56,0.78,0
64.0,1,1.29,0.57,218.9,12.9,243.0,6.47,2.99,0.86,0
45.0,1,1.34,0.75,107.4,291.7,94.5,6.8,4.05,1.47,1
29.0,1,3.65,1.7,294.5,114.9,91.2,6.75,3.26,0.93,0
52.0,1,16.96,7.02,316.2,277.2,76.2,4.71,2.3,0.96,1
48.0,1,3.58,2.12,267.9,46.8,10.0,6.79,3.5,1.06,0
35.0,1,2.69,0.9,105.8,26.3,10.4,5.87,3.5,1.48,0
46.0,1,4.33,1.85,528.6,129.2,101.0,4.93,2.21,0.81,0
39.0,1,2.07,0.65,356.5,31.9,45.8,5.92,3.17,1.16,0
47.0,1,0.4,0.21,606.7,28.7,273.9,5.91,3.21,1.19,0
55.0,1,2.73,1.57,194.0,21.4,57.4,7.6,3.96,1.09,0
70.0,1,10.43,4.01,405.5,11.2,17.0,5.32,2.22,0.72,0
25.0,0,0.64,0.35,384.1,23.9,137.9,5.62,3.01,1.15,0
79.0,1,3.86,1.5,255.7,35.4,38.2,6.74,2.78,0.7,0
13.0,1,0.74,0.42,459.9,90.5,81.9,5.03,2.61,1.08,0
42.0,0,2.53,1.33,241.9,10.0,131.5,5.76,3.16,1.21,0
54.0,1,0.4,0.22,247.3,19.1,253.4,4.67,2.06,0.79,0
49.0,1,1.98,0.6,60.0,133.6,172.7,7.48,4.25,1.32,0
35.0,1,4.66,2.74,339.7,12.8,124.0,6.15,2.5,0.68,0
41.0,0,1.41,0.73,131.5,33.9,125.1,6.46,3.68,1.32,0
37.0,1,3.61,1.41,224.5,161.4,320.6,7.48,3.68,0.97,1
35.0,0,5.24,2.87,167.4,13.6,38.5,5.69,2.52,0.8,0
59.0,1,8.65,3.32,246.6,10.0,10.0,6.14,2.62,0.74,0
51.0,0,0.88,0.5,343.8,53.5,34.9,5.33,3.15,1.44,0
34.0,0,1.68,0.56,291.9,29.1,27.0,5.33,2.21,0.71,0
59.0,0,0.55,0.28,375.7,66.9,119.2,5.48,2.41,0.79,0
50.0,1,16.14,7.46,442.5,131.4,110.4,5.94,2.79,0.89,1
58.0,0,8.64,2.84,246.3,11.9,98.9,6.06,3.18,1.1,0
55.0,1,2.56,0.95,233.2,70.2,10.0,6.79,3.46,1.04,0
31.0,1,6.09,1.85,405.5,56.8,143.4,5.51,2.34,0.74,0
36.0,1,2.43,1.07,415.0,12.6,43.0,6.83,3.13,0.84,0
57.0,0,3.22,1.26,379.5,78.9,120.2,7.01,3.14,0.81,0
55.0,0,0.4,0.19,176.3,25.8,89.4,5.97,2.64,0.79,0
44.0,0,4.65,1.81,341.3,54.0,46.1,5.6,2.7,0.93,0
47.0,1,0.45,0.18,303.7,10.0,15.9,6.57,3.55,1.18,0
65.0,1,5.77,3.02,416.9,49.7,10.9,6.26,2.78,0.8,0
35.0,1,5.03,1.58,221.8,29.5,195.7,6.72,3.18,0.9,0
54.0,1,4.07,2.32,90.6,139.5,275.4,8.19,3.92,0.92,0
41.0,1,0.4,0.22,373.4,10.0,115.3,6.55,3.9,1.47,0
41.0,1,1.19,0.6,60.0,43.8,12.0,5.78,3.42,1.44,0
63.0,1,1.01,0.48,202.8,49.5,56.5,5.51,3.09,1.27,0
58.0,1,1.47,0.84,167.8,104.2,143.5,5.55,2.49,0.81,0
58.0,1,0.4,0.14,167.0,68.9,166.3,4.89,2.02,0.71,0
66.0,1,9.12,2.95,200.7,88.8,13.8,7.5,3.47,0.86,0
45.0,1,2.66,0.99,436.7,121.1,10.0,4.05,1.83,0.83,0
56.0,0,1.2,0.65,389.0,160.0,136.9,7.01,3.51,1.0,0
40.0,1,1.67,0.52,260.4,30.4,48.5,5.53,3.07,1.25,0
50.0,1,1.96,0.93,426.6,62.3,32.3,5.92,3.39,1.33,0
43.0,1,3.03,1.81,163.1,148.0,10.0,5.5,3.13,1.32,0
46.0,1,2.39,1.33,146.8,367.4,85.4,8.06,3.8,0.89,1
54.0,0,8.31,3.79,394.2,177.8,209.4,6.5,3.49,1.16,1
32.0,0,2.27,0.72,360.1,37.5,347.5,7.34,3.4,0.86,0
79.0,1,16.0,8.79,235.3,17.5,91.7,7.9,3.26,0.7,0
28.0,1,6.29,3.02,154.3,54.2,79.4,6.66,3.6,1.18,0
25.0,0,0.77,0.26,465.7,109.2,10.0,5.18,2.08,0.67,0
63.0,0,8.8,2.89,84.2,54.8,87.5,6.24,3.01,0.93,0
58.0,1,0.41,0.23,218.8,53.3,52.5,5.67,2.64,0.87,0
55.0,1,5.61,2.81,318.0,147.0,102.7,5.93,3.19,1.17,0
55.0,1,1.58,0.87,506.8,36.2,54.1,6.38,3.53,1.24,0
45.0,0,6.94,3.91,336.6,158.6,30.2,6.33,2.92,0.85,0
30.0,1,6.68,3.15,348.2,42.1,11.0,6.93,3.9,1.28,0
46.0,0,5.41,2.46,222.3,32.1,41.6,7.09,3.25,0.85,0
34.0,1,5.15,2.21,358.8,48.8,11.2,6.33,3.1,0.96,0
61.0,1,1.2,0.47,303.2,116.0,21.4,6.92,3.77,1.2,0
42.0,1,0.4,0.17,100.0,10.9,480.2,5.88,3.17,1.17,0
31.0,1,1.7,0.91,385.7,17.6,64.5,7.91,4.73,1.48,0
40.0,1,0.63,0.3,407.0,244.2,83.4,5.86,2.61,0.8,1
51.0,1,3.92,2.22,387.0,15.6,227.3,7.78,4.15,1.14,0
36.0,1,1.4,0.61,294.6,67.7,595.6,4.87,2.54,1.09,1
31.0,0,12.25,5.91,175.8,69.9,96.1,6.07,3.54,1.4,0
49.0,1,3.38,1.65,60.0,54.3,184.0,6.12,2.64,0.76,0
49.0,1,5.7,2.72,309.4,83.5,43.5,6.78,3.73,1.22,0
37.0,0,0.47,0.24,420.4,21.1,40.1,7.42,3.81,1.06,0
37.0,0,6.54,2.43,410.0,64.9,56.6,5.12,2.33,0.83,0
49.0,0,8.45,3.83,388.5,37.6,122.7,5.27,2.61,0.98,0
21.0,0,2.2,0.73,281.7,87.5,126.0,4.95,2.31,0.88,0
22.0,1,3.08,1.28,421.1,12.3,41.6,7.92,4.09,1.07,0
33.0,1,4.78,2.13,401.5,68.3,15.7,6.8,3.93,1.37,0
41.0,1,0.63,0.31,239.9,16.5,110.0,5.3,2.72,1.06,0
50.0,1,2.3,1.35,371.8,26.4,15.1,6.0,3.16,1.11,0
69.0,1,1.68,0.81,226.3,19.9,95.0,7.77,3.91,1.02,0
59.0,0,0.52,0.27,355.4,16.3,129.9,6.18,2.53,0.7,0
42.0,1,1.51,0.68,134.7,141.0,132.6,6.11,2.73,0.81,0
44.0,1,0.4,0.2,143.9,27.2,153.9,5.63,2.81,0.99,0
29.0,1,0.4,0.13,417.6,211.4,226.7,5.36,2.48,0.86,1
44.0,1,0.48,0.18,403.1,282.8,76.2,7.77,3.39,0.77,1
40.0,1,10.89,4.45,366.6,68.4,144.0,8.3,4.16,1.0,0
50.0,1,2.63,1.16,301.1,12.5,106.1,5.41,2.51,0.87,0
31.0,0,11.14,3.49,60.0,37.9,22.7,8.01,3.62,0.82,0
53.0,1,1.87,0.64,281.6,129.0,10.0,5.95,2.93,0.97,0
70.0,1,1.23,0.47,345.1,37.0,36.8,7.06,3.01,0.74,0
43.0,0,2.33,1.38,226.4,10.0,64.3,8.02,4.69,1.41,0
51.0,0,1.91,0.76,205.1,65.7,105.5,6.32,3.63,1.34,0
56.0,0,0.4,0.18,463.9,150.5,208.5,6.12,3.32,1.18,0
38.0,0,3.38,1.21,283.3,128.3,24.0,7.35,3.1,0.73,0
48.0,1,0.8,0.39,345.2,15.5,14.7,5.27,2.93,1.25,0
45.0,1,3.19,1.23,383.5,90.2,363.8,7.73,4.34,1.28,0
46.0,1,3.47,1.26,170.4,20.1,12.6,6.64,3.67,1.24,0
32.0,1,0.54,0.25,313.8,19.9,71.6,5.85,2.47,0.73,0
45.0,1,0.4,0.12,448.9,167.2,96.8,5.82,3.08,1.12,0
53.0,1,5.01,1.51,508.9,23.2,85.7,4.97,2.82,1.31,0
68.0,1,2.03,0.74,295.4,24.7,10.0,5.9,3.04,1.06,0
60.0,1,0.4,0.12,262.0,10.0,10.0,6.19,3.28,1.12,0
80.0,1,17.4,5.78,322.9,165.1,12.3,5.32,2.62,0.97,1
32.0,1,0.4,0.16,319.8,127.0,96.8,6.43,3.25,1.02,0
59.0,1,3.92,2.12,457.0,79.7,86.4,7.0,2.85,0.69,0
48.0,1,13.58,6.4,171.0,112.0,29.3,6.25,3.3,1.12,0
80.0,0,0.9,0.41,257.0,13.3,111.6,7.2,3.0,0.71,0
32.0,1,0.51,0.2,156.5,49.5,188.5,5.6,2.73,0.95,0
31.0,1,0.43,0.25,169.1,34.9,10.0,7.57,3.47,0.85,0
35.0,1,1.19,0.5,335.8,10.0,75.8,6.61,3.37,1.04,0
10.0,0,0.4,0.13,387.8,53.7,128.5,8.16,3.48,0.74,0
36.0,1,3.89,1.89,212.7,204.6,32.0,9.11,4.9,1.17,0
32.0,1,0.4,0.13,383.2,10.0,40.4,5.97,3.34,1.27,0
47.0,1,2.35,0.95,424.0,27.8,104.5,6.01,2.6,0.76,0
50.0,1,18.85,8.53,522.7,18.8,250.8,6.21,2.61,0.73,1
75.0,0,5.55,3.12,298.9,22.0,182.5,7.13,3.06,0.75,0
60.0,0,3.15,1.41,213.8,193.0,96.2,7.93,4.56,1.36,0
35.0,1,1.21,0.62,170.3,50.9,144.0,5.77,2.92,1.02,0
30.0,0,3.23,1.93,158.4,50.7,49.9,6.9,3.4,0.97,0
53.0,0,2.47,0.84,440.6,115.4,112.6,6.33,2.67,0.73,0
23.0,1,1.83,0.7,108.8,13.5,69.0,7.15,3.79,1.13,0
74.0,0,0.46,0.19,436.7,53.9,23.2,8.13,4.66,1.35,0
64.0,1,7.18,3.06,186.4,45.4,133.0,6.22,3.52,1.3,0
37.0,1,1.97,0.83,208.4,73.3,89.4,4.66,2.45,1.11,0
17.0,1,0.71,0.41,272.4,623.4,48.8,7.29,3.03,0.71,1
67.0,1,1.51,0.78,206.1,118.4,266.3,5.57,2.35,0.73,1
43.0,1,1.76,0.85,402.4,40.9,10.0,6.32,2.59,0.69,0
65.0,0,5.8,2.28,508.2,141.9,41.7,7.34,3.31,0.82,0
19.0,0,4.37,2.39,211.7,15.1,10.0,6.8,2.91,0.75,0
35.0,1,4.84,2.84,238.7,10.0,159.9,6.37,2.88,0.82,0
45.0,0,0.4,0.22,271.0,18.5,133.1,5.85,2.79,0.91,0
46.0,1,1.78,0.53,355.5,33.6,44.2,3.32,1.95,1.43,0
37.0,1,2.17,1.06,272.2,57.7,123.8,7.24,3.78,1.09,0
55.0,1,0.4,0.13,457.1,77.1,55.4,6.2,3.52,1.31,0
27.0,1,0.99,0.37,428.2,194.9,155.2,8.13,4.41,1.18,0
42.0,0,4.71,1.5,148.3,57.6,66.5,6.91,2.92,0.73,0
47.0,0,0.49,0.23,353.1,56.2,58.4,5.89,3.22,1.21,0
53.0,1,2.53,1.28,473.0,10.0,300.0,7.64,3.48,0.83,0
56.0,1,0.8,0.27,231.2,10.0,31.7,7.73,4.08,1.12,0
27.0,1,0.4,0.17,255.3,64.7,14.1,6.24,2.92,0.88,0
20.0,1,0.91,0.4,227.2,46.5,96.5,7.78,4.67,1.5,0
65.0,0,12.29,5.05,229.7,147.5,382.9,5.87,2.66,0.83,1
50.0,1,5.34,1.79,90.4,14.1,52.2,6.65,3.03,0.84,0
33.0,1,10.59,4.51,131.2,10.0,10.0,7.1,4.16,1.42,0
70.0,1,2.21,1.16,299.9,48.1,45.6,7.34,2.97,0.68,0
47.0,1,0.4,0.13,472.2,21.9,77.5,7.16,3.86,1.17,0
64.0,0,2.62,0.85,217.0,10.0,19.4,6.12,3.33,1.2,0
46.0,1,2.0,0.81,213.4,104.1,118.0,7.67,4.35,1.31,0
78.0,0,6.14,3.58,494.8,10.0,670.1,6.34,3.77,1.47,1
73.0,1,0.4,0.2,157.6,75.7,66.1,5.86,3.49,1.47,0
41.0,0,2.21,1.11,91.2,26.6,48.1,5.88,2.43,0.7,0
60.0,1,0.54,0.22,191.2,15.4,56.3,8.59,4.85,1.3,0
55.0,1,1.3,0.62,211.0,38.5,13.4,5.67,3.0,1.12,0
67.0,0,4.41,1.34,80.9,130.5,236.1,7.89,4.18,1.13,0
29.0,1,2.13,1.05,275.2,40.2,58.9,5.24,2.23,0.74,0
56.0,0,1.56,0.89,404.4,112.1,53.8,7.01,3.72,1.13,0
62.0,1,1.66,0.8,136.3,10.8,118.5,6.8,4.06,1.48,0
16.0,1,2.03,1.14,301.1,119.6,64.1,8.25,4.8,1.39,0
26.0,1,5.07,2.62,338.1,21.8,114.8,5.77,2.81,0.95,0
12.0,1,7.35,2.47,280.6,91.3,10.0,5.47,2.23,0.69,0
40.0,1,10.26,5.85,312.9,67.3,184.7,6.35,3.0,0.9,0
56.0,1,5.1,1.63,314.3,213.6,310.1,8.29,4.69,1.3,1
69.0,1,1.25,0.58,193.1,39.5,115.0,5.52,2.98,1.18,0
46.0,1,3.85,1.32,470.4,10.0,339.8,3.66,1.8,0.97,1
71.0,1,1.9,0.58,440.3,10.0,18.0,6.55,2.69,0.7,0
22.0,0,0.97,0.41,433.4,141.5,71.3,7.51,3.65,0.94,0
17.0,0,6.07,2.36,412.2,60.0,101.2,5.37,2.65,0.98,0
44.0,0,0.4,0.18,101.6,120.5,95.8,7.4,4.34,1.41,0
51.0,1,7.66,3.62,401.7,21.6,56.4,5.35,2.83,1.12,0
44.0,1,2.04,0.64,369.3,34.2,45.4,6.32,2.92,0.86,0
11.0,1,3.35,1.13,106.2,10.0,14.9,7.3,3.69,1.02,0
43.0,1,3.55,1.66,264.8,262.9,54.6,5.19,2.14,0.7,1
24.0,1,7.44,3.0,323.8,89.0,19.5,6.68,3.97,1.47,0
56.0,1,3.34,1.73,490.3,218.4,145.7,7.8,3.68,0.89,1
51.0,1,3.14,1.56,377.5,24.9,25.7,7.0,3.47,0.98,0
30.0,0,0.4,0.22,186.8,76.3,10.0,5.69,2.68,0.89,0
36.0,1,2.41,1.22,494.0,91.6,88.3,8.14,4.36,1.16,0
28.0,1,0.54,0.23,295.8,30.8,99.4,7.2,3.83,1.14,0
44.0,1,4.41,2.21,259.9,152.1,225.9,4.45,2.42,1.19,1
60.0,0,2.37,0.91,251.3,237.3,94.6,7.42,3.37,0.83,0
29.0,1,3.76,1.47,95.8,174.5,46.6,5.86,2.71,0.86,0
53.0,1,0.4,0.21,277.4,108.4,178.6,6.69,2.85,0.74,0
36.0,1,0.4,0.17,350.3,26.2,85.4,7.58,4.03,1.13,0
32.0,0,4.16,2.24,244.3,26.7,10.0,5.88,2.4,0.69,0
43.0,1,0.4,0.22,341.0,266.9,91.7,4.69,2.43,1.08,1
28.0,1,0.4,0.22,186.9,10.0,262.3,8.12,4.66,1.35,0
36.0,1,0.4,0.23,273.7,101.6,55.5,7.75,4.48,1.37,0
25.0,1,10.35,4.44,328.6,98.9,38.6,6.38,3.13,0.96,0
77.0,1,4.41,1.75,313.3,78.7,17.0,7.41,3.64,0.97,0
45.0,1,1.44,0.68,97.9,372.6,18.0,6.08,2.52,0.71,1
33.0,0,1.16,0.48,237.9,30.2,62.3,6.59,3.52,1.15,0
48.0,1,1.42,0.68,491.9,33.5,99.5,6.32,3.57,1.29,0
43.0,1,4.92,2.52,231.5,10.0,10.0,6.12,2.75,0.81,0
41.0,0,3.57,1.81,292.5,47.2,308.4,6.87,3.33,0.94,0
55.0,1,0.68,0.28,280.2,24.4,154.6,5.16,2.93,1.31,0
57.0,1,0.63,0.22,478.8,34.0,97.1,6.21,3.57,1.36,0
36.0,1,0.4,0.17,445.4,145.2,193.8,6.82,3.06,0.81,0
35.0,1,3.56,1.22,387.5,221.2,10.0,8.48,4.33,1.04,0
40.0,0,4.77,2.7,173.8,16.6,71.2,5.21,2.28,0.78,0
10.0,1,1.02,0.41,333.7,37.6,109.3,7.05,2.96,0.73,0
20.0,0,0.4,0.14,358.7,213.1,193.9,7.17,4.17,1.39,0
67.0,1,0.4,0.12,206.7,10.0,168.2,4.43,2.5,1.29,0
71.0,1,11.34,5.6,186.1,10.0,35.7,6.93,3.82,1.23,0
41.0,1,1.16,0.57,495.2,14.3,310.8,7.44,3.05,0.69,0
54.0,1,4.84,1.95,254.5,73.0,14.6,7.12,4.05,1.32,0
50.0,1,3.23,1.04,484.4,13.2,228.7,6.39,3.12,0.95,0
90.0,0,1.59,0.67,410.2,278.0,388.9,6.84,3.21,0.88,1
63.0,1,0.76,0.3,339.5,47.8,21.4,6.67,3.39,1.04,0
43.0,0,0.43,0.21,344.9,56.2,140.7,4.64,1.94,0.72,0
29.0,1,3.15,1.52,122.5,22.9,10.0,6.69,3.69,1.23,0
19.0,0,4.92,2.01,315.4,51.4,57.1,6.08,3.14,1.07,0
48.0,0,3.41,1.24,460.6,87.5,79.8,5.71,2.5,0.78,0
33.0,0,2.49,1.49,372.3,112.3,95.5,9.19,4.02,0.78,0
22.0,0,0.4,0.17,309.1,113.1,302.0,7.85,3.43,0.78,0
34.0,0,11.41,5.78,496.0,69.6,122.6,5.23,2.15,0.7,1
27.0,1,5.29,1.81,268.4,189.4,72.1,6.86,3.55,1.07,0
72.0,1,1.14,0.51,216.2,137.2,182.3,8.07,4.58,1.32,0
59.0,1,12.9,3.98,309.0,114.2,330.4,4.85,1.96,0.68,1
45.0,0,3.04,1.37,382.6,10.0,10.0,6.56,2.69,0.69,0
69.0,1,2.88,1.7,84.4,10.0,444.8,6.62,3.4,1.06,0
46.0,0,4.55,1.89,324.8,19.3,10.0,5.09,2.87,1.29,0
31.0,1,5.51,1.72,387.8,87.9,185.1,6.89,3.21,0.87,0
69.0,1,3.53,1.09,258.2,42.7,36.2,7.7,3.62,0.89,0
53.0,1,0.45,0.19,423.4,41.6,15.6,8.12,4.22,1.08,0
28.0,1,1.36,0.47,367.5,174.3,63.7,6.21,2.82,0.83,0
42.0,1,8.69,2.67,547.5,182.3,113.5,9.21,3.73,0.68,0
31.0,1,0.84,0.44,200.5,193.6,52.7,4.24,2.32,1.21,0
22.0,1,1.54,0.67,390.3,30.4,10.0,6.87,3.61,1.11,0
60.0,1,1.87,0.72,168.5,94.8,100.6,4.94,2.55,1.07,0
76.0,1,1.91,1.09,96.7,25.6,255.8,6.58,3.61,1.21,0
22.0,1,3.13,1.05,60.0,17.1,53.1,5.91,3.16,1.15,0
54.0,0,9.46,5.55,355.2,16.5,26.8,7.03,3.1,0.79,0
34.0,1,0.91,0.36,312.7,33.8,64.2,6.34,2.98,0.89,0
37.0,1,0.43,0.24,233.1,45.4,10.0,5.58,2.37,0.74,0
35.0,1,0.73,0.35,77.8,143.5,188.8,5.65,2.41,0.74,1
31.0,1,7.19,3.94,207.7,10.3,192.4,8.59,4.6,1.15,0
46.0,1,3.43,2.04,291.1,107.2,97.5,6.96,3.98,1.33,0
31.0,1,1.11,0.43,385.8,61.2,47.9,4.62,2.74,1.45,0
49.0,1,5.59,3.29,288.6,27.4,176.8,7.08,3.72,1.11,0
44.0,1,6.52,2.72,320.8,54.8,88.9,6.27,2.74,0.78,0
41.0,1,6.18,2.57,245.4,28.8,192.2,6.49,2.73,0.73,0
30.0,0,8.29,3.33,500.5,73.2,109.7,7.37,4.15,1.29,0
35.0,0,0.96,0.44,168.4,45.9,168.6,7.77,4.01,1.07,0
57.0,1,4.64,1.61,206.7,14.5,100.3,5.54,2.9,1.1,0
53.0,1,2.04,0.95,231.5,10.0,58.8,6.45,3.59,1.25,0
29.0,1,6.09,2.82,355.7,63.9,348.3,5.88,3.18,1.18,1
46.0,1,4.3,2.27,165.9,187.8,85.6,7.13,4.04,1.31,0
57.0,0,4.94,2.72,306.9,34.0,102.1,6.23,2.56,0.7,0
18.0,1,3.52,1.52,310.4,106.6,27.4,6.51,3.58,1.22,0
54.0,1,0.64,0.25,207.3,86.8,108.0,6.19,3.53,1.33,0
34.0,1,2.6,0.98,330.2,216.4,93.2,6.36,2.91,0.84,1
54.0,1,13.79,4.94,169.6,138.8,22.5,8.34,4.4,1.12,0
32.0,1,9.14,2.9,156.5,67.5,10.0,9.09,4.21,0.86,0
16.0,1,0.4,0.16,302.5,86.4,101.9,6.89,4.08,1.45,0
18.0,1,0.59,0.23,91.4,184.5,158.6,6.37,2.59,0.69,1
46.0,1,0.47,0.27,60.0,41.2,81.5,4.74,2.45,1.07,0
49.0,1,4.27,2.0,354.5,31.9,28.3,5.65,2.45,0.76,0
30.0,1,5.62,2.27,416.5,10.0,120.7,6.34,3.44,1.19,0
55.0,1,0.79,0.38,234.6,141.4,10.0,5.7,2.48,0.77,0
18.0,1,2.33,0.8,210.4,130.3,64.1,5.82,2.6,0.81,0
44.0,1,6.06,2.63,411.2,10.0,19.6,8.2,4.09,1.0,0
25.0,1,4.36,2.12,153.1,69.4,22.4,6.51,3.8,1.4,0
34.0,1,2.58,1.15,127.0,50.3,24.8,6.61,2.92,0.79,0
46.0,1,2.95,1.24,375.5,10.2,53.7,5.75,2.46,0.75,0
31.0,0,2.34,1.4,291.7,318.1,10.0,7.76,4.28,1.23,0
39.0,1,1.17,0.66,418.4,19.5,55.7,6.25,3.12,1.0,0
61.0,1,2.75,1.34,60.0,10.0,78.8,5.91,3.44,1.39,0
35.0,1,3.85,1.81,122.5,72.9,72.6,4.76,2.04,0.75,0
58.0,1,6.82,3.31,292.3,108.4,53.0,6.41,3.39,1.12,0
26.0,1,3.34,1.2,340.7,10.0,200.8,5.88,2.63,0.81,0
53.0,1,4.72,1.98,392.2,86.8,17.3,8.32,3.59,0.76,0
68.0,0,0.58,0.18,311.6,61.3,77.4,8.49,4.56,1.16,0
10.0,1,2.04,0.9,310.3,10.0,10.0,5.13,2.66,1.08,0
32.0,1,0.4,0.19,243.9,15.3,10.0,5.26,2.9,1.23,0
54.0,1,0.93,0.34,481.5,67.7,93.8,6.18,2.85,0.86,0
41.0,0,4.28,2.52,158.2,28.4,91.7,5.59,2.74,0.96,0
51.0,1,15.86,9.08,333.7,224.8,231.3,6.72,3.23,0.93,1
35.0,0,0.4,0.21,172.0,137.8,89.7,6.12,3.65,1.48,0
46.0,1,1.69,0.78,354.8,331.6,353.2,6.79,3.11,0.85,1
42.0,0,5.31,2.98,166.1,24.3,10.0,7.59,3.48,0.85,0
64.0,1,0.75,0.26,379.8,282.3,11.3,5.32,2.51,0.89,1
49.0,0,2.67,1.44,304.0,45.5,10.0,7.56,3.88,1.05,0
50.0,1,4.36,1.47,499.9,34.5,22.5,5.69,2.56,0.82,0
38.0,0,3.16,1.7,256.9,10.0,85.7,8.82,5.14,1.4,0
37.0,1,0.69,0.26,341.6,10.0,114.0,8.25,3.74,0.83,0
38.0,1,1.45,0.82,197.0,95.1,10.0,6.36,3.68,1.38,0
51.0,1,5.05,2.95,256.0,49.4,320.7,5.43,2.28,0.73,1
38.0,1,2.67,0.92,303.3,20.7,202.9,5.22,2.77,1.13,0
49.0,1,0.4,0.18,107.3,76.8,38.7,7.43,4.32,1.39,0
78.0,1,4.72,2.81,120.5,23.5,10.0,6.45,2.8,0.77,0
59.0,1,0.4,0.18,362.6,69.6,20.5,7.49,4.45,1.46,0
39.0,1,4.52,2.53,273.0,35.9,14.9,8.88,4.36,0.96,0
64.0,0,0.75,0.36,219.4,140.0,14.5,5.64,3.32,1.43,0
38.0,1,10.47,4.32,202.1,138.7,80.3,5.14,2.75,1.15,1
12.0,0,1.51,0.58,206.8,52.4,31.0,6.69,3.08,0.85,0
28.0,1,1.31,0.47,304.1,34.9,48.7,7.73,3.38,0.78,0
14.0,1,0.53,0.28,344.0,36.3,500.8,5.45,2.51,0.85,1
39.0,0,1.2,0.5,60.0,132.2,126.7,6.52,2.73,0.72,0
45.0,1,6.91,3.13,460.1,32.1,327.0,7.97,3.42,0.75,0
72.0,1,18.51,8.29,451.6,18.9,16.9,4.7,1.98,0.73,0
50.0,1,1.52,0.72,60.0,10.0,52.9,6.74,3.26,0.94,0
41.0,1,1.96,1.1,420.9,50.7,88.9,5.89,3.29,1.27,0
58.0,1,4.23,2.51,417.2,53.1,10.0,6.62,2.83,0.75,0
10.0,0,7.17,3.03,290.6,148.4,10.0,7.25,3.09,0.74,0
49.0,0,2.97,1.63,134.9,20.2,122.0,6.72,3.55,1.12,0
57.0,1,1.64,0.87,412.4,38.7,112.8,5.38,2.36,0.78,0
21.0,1,1.76,0.83,261.6,133.4,58.1,5.93,2.49,0.72,0
63.0,1,3.93,2.3,356.4,140.0,73.9,8.03,3.48,0.76,0
50.0,1,0.4,0.14,556.9,39.2,59.0,6.84,4.0,1.41,0
38.0,1,3.19,1.06,320.8,49.6,10.0,7.4,4.17,1.3,0
55.0,1,1.45,0.81,180.6,29.2,44.9,6.75,3.18,0.89,0
